Score_Function,Sequence_Length,Bead_Atom,Execution_time(s),Final_Score,Puzzle_ID,Chain,Potential,Bond,WCA,RMSD,GDT_TS,lDDT,TM_score,INF,MAE
RASP,23,C3',860.009,2.3911,rp01,A,0.0166934132575988,2.3744304180145264,0.0,14.313655931703956,4.578189300411522,0.37414521160936565,0.31713811702108885,0.3535533905932738,20.76739597209076
DFIRE,23,C3',874.23,-58.274,rp01,A,-58.608177185058594,0.334179162979126,0.0,9.78771091735097,14.403292181069958,0.4042321873128919,0.47924763944572457,0.3535533905932738,14.13283458509498
rsRNASP,23,C3',229.214,-2.7675,rp01,A,-5.459486961364746,2.6921560764312744,0.0,23.54057803548668,2.366255144032922,0.3387404279456717,0.18453400486558724,0.5163977794943222,32.436466760889154
cgRNASP,23,C3',586.117,-335.9642,rp01,A,-369.5643310546875,25.968408584594727,7.672280311584473,14.204658357224798,7.51028806584362,0.38630132669460815,0.3488263397975094,0.10910894511799618,18.913617615734246
RASP,23,C4',224.926,15.3962,rp01,A,15.17921543121338,0.21697898209095,0.0,25.953728657809496,2.211934156378601,0.29666278007121927,0.16978148276479646,0.5163977794943222,35.23953802819401
DFIRE,23,C4',895.675,-43.9182,rp01,A,-44.443016052246094,0.5248616337776184,0.0,12.557047433713857,8.281893004115226,0.3952116093656446,0.3769648306474245,0.3535533905932738,17.137606305493147
rsRNASP,23,C4',228.239,-3.1469,rp01,A,-5.7584991455078125,2.611612558364868,0.0,24.846897279769625,1.2345679012345678,0.322574291746762,0.16485633619344078,0.2041241452319315,33.99410944127242
cgRNASP,23,C4',1639.152,-389.6899,rp01,A,-395.4205017089844,9.300033569335938,0.6798391342163086,15.615358063176483,3.0864197530864197,0.36950493177449345,0.27319312042918087,0.14433756729740643,22.746413560246598
RASP,23,C1',230.832,8.5572,rp01,A,7.902028083801269,0.6551651358604431,0.0,24.95830368883577,1.7489711934156378,0.34202565152995307,0.17016748031517984,0.5773502691896257,34.41811088241135
DFIRE,23,C1',225.891,-26.366,rp01,A,-29.152591705322266,2.786635637283325,0.0,15.337490205408304,3.909465020576132,0.4364462862004853,0.2793314175675559,0.6390096504226938,22.559172582325452
rsRNASP,23,C1',234.579,-14.9162,rp01,A,-15.850534439086914,0.9344272613525392,0.0,21.81689242884729,2.314814814814815,0.3659282135316547,0.19895376745419643,0.4330127018922193,30.275975471513885
cgRNASP,23,C1',291.253,-329.0484,rp01,A,-345.0459289550781,7.237964153289795,11.080705642700195,14.848381028698997,6.018518518518519,0.3840954211703904,0.3408009322215397,0.3535533905932738,20.94119985577064
RASP,23,C3',698.882,3.6764,rp01,B,1.509662628173828,2.166790723800659,0.0,14.87373980449337,4.526748971193416,0.3775110817693106,0.2948283394216844,0.31622776601683794,20.891939178337456
DFIRE,23,C3',851.807,-66.5149,rp01,B,-66.99010467529297,0.4752368330955505,0.0,16.129191662205024,1.131687242798354,0.37087773900468424,0.23135230880503901,0.12909944487358055,23.932794157578176
rsRNASP,23,C3',223.563,-2.7671,rp01,B,-5.455618381500244,2.688375949859619,0.0,23.23167459956393,2.211934156378601,0.3422616240686598,0.19493070285170802,0.3651483716701107,31.98517006637983
cgRNASP,23,C3',1503.885,-383.6728,rp01,B,-393.8947143554688,10.42163372039795,0.1184440851211547,15.267815827128794,4.938271604938272,0.38385362633217013,0.3012254737343919,0.3651483716701107,22.051669302315407
RASP,23,C4',227.959,15.3962,rp01,B,15.17921543121338,0.2169803380966186,0.0,25.77973067713565,1.491769547325103,0.31260020748844664,0.1716719334780251,0.31622776601683794,35.354483627361944
DFIRE,23,C4',429.96,-38.6916,rp01,B,-39.2258415222168,0.5342299938201904,0.0,13.482058096704966,5.0925925925925934,0.39482536389072276,0.33466608850128376,0.3872983346207417,19.348320367951054
rsRNASP,23,C4',230.267,-3.1468,rp01,B,-5.758070468902588,2.611202478408813,0.0,24.867450080350974,1.4403292181069958,0.3139205885126851,0.17303934877301527,0.22360679774997896,33.99021548624262
cgRNASP,23,C4',295.769,-285.5706,rp01,B,-308.0033874511719,17.442684173583984,8.356410026550293,15.888183787576365,3.8065843621399176,0.37263038762614353,0.29025216279000693,0.0,20.98584554644889
RASP,23,C1',226.704,8.5572,rp01,B,7.902026653289795,0.655167281627655,0.0,25.02849904707501,1.594650205761317,0.3253638907227514,0.1762069934646516,0.3651483716701107,34.311063047360584
DFIRE,23,C1',218.986,-26.4859,rp01,B,-29.25376892089844,2.76786732673645,0.0,13.324080711301878,7.87037037037037,0.435199157471156,0.3570736524898669,0.6,18.80222675159861
rsRNASP,23,C1',228.544,-14.5696,rp01,B,-15.50766372680664,0.9377740621566772,0.0,21.74374902679597,1.7489711934156378,0.37208808827690276,0.20146407785537743,0.3872983346207417,30.10410581568326
cgRNASP,23,C1',494.594,-345.4249,rp01,B,-353.934326171875,5.561503410339356,6.764714241027832,14.04630846184888,4.012345679012346,0.39256185356345685,0.3069605116629469,0.31622776601683794,19.551344106730802
RASP,15,C3',895.589,-16.1274,rp02,A,-16.92669677734375,0.7992793917655945,0.0,9.125261088994456,12.968750000000002,0.40829594249047135,0.41516642287904776,0.18257418583505536,13.101990733284183
DFIRE,15,C3',410.393,-35.9533,rp02,A,-36.15305709838867,0.199753925204277,0.0,8.428033512110796,15.234375,0.3988638008394847,0.4472358401979387,0.0,11.855586996149611
rsRNASP,15,C3',213.703,-4.6022,rp02,A,-6.787075996398926,2.185076951980591,0.0,17.86340912690646,7.5,0.33521493703864524,0.2814614480684964,0.0,23.079111243799375
cgRNASP,15,C3',354.297,-249.2382,rp02,A,-269.2695617675781,18.957658767700195,1.5230765342712402,8.146227780616186,13.203124999999998,0.3818087518695421,0.41374283377854904,0.408248290463863,12.516271234228352
RASP,15,C4',221.445,9.8127,rp02,A,9.682584762573242,0.1301405727863311,0.0,NA,NA,NA,NA,NA,NA
DFIRE,15,C4',546.081,-25.3517,rp02,A,-25.72904586791992,0.377341091632843,0.0,9.945986575535969,15.234375,0.3953177015487046,0.4170835744508583,0.0,14.428649298901664
rsRNASP,15,C4',231.932,-6.9893,rp02,A,-8.072304725646973,1.0830490589141846,0.0,18.72903389672877,7.5,0.29894581946253673,0.26140880225832197,0.408248290463863,24.261419767636472
cgRNASP,15,C4',509.912,-294.633,rp02,A,-296.0770568847656,2.2237086296081543,0.0297696590423584,7.85371048601623,18.515625000000004,0.4013484826554735,0.46806441420453393,0.0,11.618433626106151
RASP,15,C1',452.0,5.0706,rp02,A,4.747615337371826,0.323330283164978,0.0,16.113089817240787,5.703125,0.3345756742413277,0.26803300415314657,0.28867513459481287,21.524075340846633
DFIRE,15,C1',844.641,-31.8832,rp02,A,-34.195064544677734,2.3118605613708496,0.0,10.278354594167968,12.578125000000002,0.411986780527814,0.39582136979617827,0.0,14.267173917710158
rsRNASP,15,C1',228.019,-7.9489,rp02,A,-8.606266975402832,0.6574031710624695,0.0,17.138602114629236,8.359375,0.3581801514932214,0.2937750025797966,0.7715167498104596,22.18635553578623
cgRNASP,15,C1',489.438,-309.2831,rp02,A,-314.2820129394531,1.757280349731445,3.266608476638794,8.891916466849104,11.5625,0.42384329618372174,0.3939044189526285,0.408248290463863,13.260842512031095
RASP,10,C3',669.247,-0.6638,rp02,B,-1.3297202587127686,0.6661463975906372,0.0,6.8075997223071205,25.60096153846154,0.41268705536020933,0.4801354961571405,0.816496580927726,9.41030926591121
DFIRE,10,C3',286.393,-18.2227,rp02,B,-18.35259056091309,0.1299384236335754,0.0,6.923476421989373,23.91826923076923,0.39845858205903995,0.46581304597005846,0.3535533905932738,9.537077737168358
rsRNASP,10,C3',227.933,-3.4042,rp02,B,-4.135876655578613,0.7315195202827454,0.0,7.733420636285531,18.269230769230766,0.3513574290620656,0.38575848684951836,0.5,11.379406100725513
cgRNASP,10,C3',400.889,-139.6716,rp02,B,-144.014892578125,3.3735389709472656,1.1660404205322266,8.055676941737337,18.629807692307693,0.42761059775942434,0.3846550631789961,0.6708203932499369,11.483475130734188
RASP,10,C4',219.831,6.323,rp02,B,6.247105598449707,0.0759153664112091,0.0,8.77115340374757,12.5,0.30595306239267317,0.32814867877731396,0.5773502691896257,12.862739332268355
DFIRE,10,C4',482.948,-14.3178,rp02,B,-14.564855575561523,0.2470418363809585,0.0,7.866089687633152,18.028846153846153,0.4040600212609371,0.39062849416485756,0.5,11.257509292280547
rsRNASP,10,C4',219.288,-2.1505,rp02,B,-3.71238374710083,1.5618821382522583,0.0,8.39913182515548,14.903846153846153,0.34119715430533976,0.3454737886714781,0.75,12.551194309427578
cgRNASP,10,C4',675.934,-175.3582,rp02,B,-176.5663604736328,1.2496933937072754,0.0,6.58531237486078,21.995192307692307,0.4343568566522201,0.4392490550171194,0.0,10.10624316955048
RASP,10,C1',210.355,3.5845,rp02,B,3.346913576126098,0.2376083433628082,0.0,8.119447236912823,15.865384615384615,0.3422193147436422,0.35684587022119935,0.3535533905932738,12.113240663086223
DFIRE,10,C1',228.777,-11.6025,rp02,B,-12.42145538330078,0.8189128041267395,0.0,7.022206732753186,25.60096153846154,0.44108267233624987,0.4590789978110878,0.5773502691896257,10.304144030136417
rsRNASP,10,C1',213.531,-3.8162,rp02,B,-4.093759059906006,0.2775813639163971,0.0,8.102957031348192,17.1875,0.3648295036388911,0.37010529870189374,0.28867513459481287,11.775832623266362
cgRNASP,10,C1',219.275,-114.9501,rp02,B,-116.77095794677734,2.079507112503052,0.0,6.894956517523563,24.759615384615387,0.4344386294872843,0.46434189551221305,0.7071067811865476,9.91535824116104
RASP,15,C3',857.225,-13.5265,rp02,C,-14.212255477905272,0.6858629584312439,0.0,9.288408854584915,13.984374999999998,0.4309353074700784,0.401827967188749,0.0,13.720348837731985
DFIRE,15,C3',810.036,-32.3175,rp02,C,-32.62916946411133,0.3116617500782013,0.0,9.997216324587368,14.218750000000002,0.4219975237309121,0.41221586111674513,0.28867513459481287,14.044987293340284
rsRNASP,15,C3',290.296,-5.1432,rp02,C,-8.730116844177246,3.587031126022339,0.0,16.4593553071374,7.34375,0.3727171894345852,0.2815788141208963,0.3651483716701107,21.91399167705348
cgRNASP,15,C3',404.253,-262.5942,rp02,C,-281.2492370605469,17.05405044555664,2.008255243301392,8.343518908809731,16.484375,0.39288846471316546,0.4526537198040786,0.0,11.850555111554195
RASP,15,C4',224.81,9.8127,rp02,C,9.682584762573242,0.1301416307687759,0.0,19.319811698886685,4.296875,0.3088242880726372,0.23637092476800636,0.28867513459481287,25.57881871263463
DFIRE,15,C4',366.772,-24.8205,rp02,C,-25.146114349365234,0.3218848407268524,0.0037734508514404,8.19316050779547,18.203125,0.4161034874122988,0.46611203731694084,0.1543033499620919,11.705047853467995
rsRNASP,15,C4',216.161,-7.5517,rp02,C,-8.816542625427246,1.264864206314087,0.0,18.719646878174338,5.15625,0.3329808089145687,0.24583540685140898,0.0,24.867520972892418
cgRNASP,15,C4',295.087,-264.0618,rp02,C,-273.5525817871094,8.273043632507324,1.2134530544281006,7.043589800079394,20.0,0.3820031985142386,0.502808739524508,0.0,10.423352405303556
RASP,15,C1',217.185,5.4972,rp02,C,5.0989089012146,0.3982633352279663,0.0,18.78865222583656,4.453124999999999,0.34480757325629385,0.23978657197205883,0.0,24.820178512242812
DFIRE,15,C1',221.359,-15.4736,rp02,C,-17.0806884765625,1.6072454452514648,0.0,12.13380244178878,13.671875,0.4513129385059843,0.3798972042878164,0.6123724356957945,16.45470376223593
rsRNASP,15,C1',225.169,-7.9488,rp02,C,-8.606734275817871,0.6578845381736755,0.0,17.15640922182942,7.578124999999999,0.38085534461411474,0.29064324529775243,0.5,22.132986872559286
cgRNASP,15,C1',657.846,-266.0682,rp02,C,-269.89453125,3.519981384277344,1.212943196296692,8.089040041705813,18.984375,0.39932418489475857,0.4798327642321544,0.18257418583505536,11.415788096313122
RASP,10,C3',746.715,-4.2675,rp02,D,-4.9664626121521,0.6989471316337585,0.0,5.586483669533854,30.408653846153843,0.43552475916849753,0.5398951488292298,0.4,7.836045153241877
DFIRE,10,C3',704.081,-20.2666,rp02,D,-20.46759033203125,0.200950488448143,0.0,8.03937294920482,18.870192307692307,0.40248436707791113,0.40294071529113695,0.0,10.962150590755593
rsRNASP,10,C3',221.015,-3.4047,rp02,D,-4.136290550231934,0.731544554233551,0.0,7.784225329712345,18.028846153846153,0.36965523069122863,0.38502963171159127,0.4472135954999579,11.267973084859692
cgRNASP,10,C3',423.255,-150.239,rp02,D,-159.0167999267578,9.32931900024414,0.0,8.435692174165935,18.26923076923077,0.4362641541321616,0.37984044679129425,0.31622776601683794,12.24043359264406
RASP,10,C4',217.808,6.323,rp02,D,6.247105598449707,0.0759160369634628,0.0,9.154893603639396,11.658653846153847,0.3063207706608079,0.3118338362058574,0.6324555320336759,13.3672046925764
DFIRE,10,C4',364.43,-16.6967,rp02,D,-16.996204376220703,0.2995163202285766,0.0,5.611296824714679,33.77403846153846,0.4150963326009802,0.5570864196496783,0.6,7.695094556345163
rsRNASP,10,C4',216.072,-4.2512,rp02,D,-5.838813304901123,1.5876469612121582,0.0,8.858917301797785,11.658653846153847,0.3271717086361332,0.3144765611511779,0.6324555320336759,13.069676479601153
cgRNASP,10,C4',1122.957,-178.2772,rp02,D,-179.92103576660156,1.9847441911697388,0.0,7.401377479062448,21.39423076923077,0.39779449045124216,0.4304185083463861,0.4,10.598476763776441
RASP,10,C1',616.356,-0.02,rp02,D,-0.0825804769992828,0.0626147240400314,0.0,6.825944367421552,24.158653846153847,0.4445031265844178,0.44426066222683597,0.4472135954999579,10.095867558197083
DFIRE,10,C1',747.772,-14.7604,rp02,D,-15.725502967834473,0.9650714993476868,0.0,6.711660857534224,26.682692307692307,0.44811559912117627,0.48319106145490515,0.4472135954999579,9.980650575698755
rsRNASP,10,C1',220.702,-4.1276,rp02,D,-4.405075073242188,0.277487576007843,0.0,8.293178836147325,15.14423076923077,0.3735845867838432,0.34961090861767197,0.4472135954999579,12.49153106266532
cgRNASP,10,C1',731.964,-117.9052,rp02,D,-119.22445678710938,1.6991229057312012,0.0,7.121068894007269,21.514423076923077,0.4150540814601994,0.4256075195743758,0.8,10.381740964836082
RASP,15,C3',372.746,-7.3176,rp02,E,-8.046671867370605,0.7290318608283997,0.0,10.61972438224672,12.34375,0.4052285980300877,0.38587090138961955,0.40089186286863654,14.572548658324564
DFIRE,15,C3',763.819,-34.8225,rp02,E,-35.0518798828125,0.2293750345706939,0.0,9.72518143024958,12.890625,0.38648502964668985,0.4016407724302672,0.0,12.965119652377108
rsRNASP,15,C3',446.221,-7.1885,rp02,E,-9.934921264648438,2.746600389480591,0.0,15.525838577828758,7.34375,0.3623511540157789,0.2848631841247474,0.0,20.129124407654622
cgRNASP,15,C3',240.082,-227.7245,rp02,E,-240.8046264648437,11.821297645568848,1.3164496421813965,7.845673416226177,18.671875,0.3908952810310188,0.48689108027816597,0.0,10.887676238894068
RASP,15,C4',216.447,9.8127,rp02,E,9.682586669921877,0.1301397383213043,0.0,19.48170960556474,2.890625,0.2907825746067526,0.2162310376152682,0.2672612419124244,25.2646997219808
DFIRE,15,C4',450.274,-24.5925,rp02,E,-24.895488739013672,0.3030363023281097,0.0,10.945853868884312,14.140625000000002,0.408683294947812,0.4030952818831411,0.0,14.390038972485154
rsRNASP,15,C4',225.987,-6.9893,rp02,E,-8.072933197021484,1.0835906267166138,0.0,18.70827497494821,5.46875,0.30563042093399323,0.24736771296716714,0.0,23.96146613029216
cgRNASP,15,C4',239.216,-213.5292,rp02,E,-223.11398315429688,9.837836265563965,0.783971905708313,7.16649332196061,18.593749999999996,0.374442593227814,0.48698341699790737,0.0,10.882410135335027
RASP,15,C1',738.424,4.0513,rp02,E,3.8075764179229736,0.2428317666053772,0.0018724203109741,12.02808956076756,12.109375,0.3804331846915274,0.36508267539839945,0.21821789023599236,15.99814773040293
DFIRE,15,C1',985.166,-25.5543,rp02,E,-26.78873062133789,1.2344669103622437,0.0,8.383125722873359,18.59375,0.4307345518694566,0.473116652284615,0.6172133998483676,11.686661348562746
rsRNASP,15,C1',227.37,-10.8054,rp02,E,-11.92555046081543,1.1201339960098269,0.0,16.667597586808128,7.03125,0.35982751016807957,0.28893530490122854,0.3380617018914066,21.177458452055404
cgRNASP,15,C1',1675.591,-307.5641,rp02,E,-309.31689453125,2.238982915878296,0.1515437364578247,6.750280401936294,26.09375,0.4039545254079483,0.5608993419684511,0.1690308509457033,9.229175976251636
RASP,10,C3',690.683,-5.4675,rp02,F,-6.1066765785217285,0.6391695141792297,0.0,6.688122563228801,24.038461538461537,0.4379318656596497,0.4617871898367215,0.0,9.341131583208094
DFIRE,10,C3',519.627,-18.1852,rp02,F,-18.37102127075196,0.1858177930116653,0.0,6.947334834841408,24.03846153846154,0.4057528523220312,0.4599501029026269,0.0,9.643173843751562
rsRNASP,10,C3',224.619,-3.4048,rp02,F,-4.136195659637451,0.7313917875289917,0.0,8.099989641559944,13.221153846153847,0.32359794311425355,0.3391008124415547,0.0,12.791085831684132
cgRNASP,10,C3',238.843,-108.6718,rp02,F,-110.72666931152344,2.168748140335083,0.0,5.91822519994822,33.05288461538461,0.42220392093845416,0.5656032195449094,0.3333333333333333,7.905969319175431
RASP,10,C4',208.843,6.323,rp02,F,6.247108459472656,0.0759143233299255,0.0,8.890924009828018,9.735576923076923,0.2955166318495902,0.2956924740804037,0.5773502691896257,13.816967740036903
DFIRE,10,C4',591.811,-17.1424,rp02,F,-17.3841609954834,0.2417154610157013,0.0,7.14256768788987,22.956730769230766,0.37765145428250035,0.45358574433321813,0.0,10.067468451882004
rsRNASP,10,C4',218.918,-5.5281,rp02,F,-7.325693130493164,1.7976038455963137,0.0,8.520841963489287,11.538461538461538,0.30847260163908086,0.31491426431290354,0.0,12.96638096614252
cgRNASP,10,C4',286.09,-142.9872,rp02,F,-144.76295471191406,1.970461130142212,0.0,8.209265968640521,19.230769230769234,0.42037602442551825,0.3884107928012437,0.408248290463863,11.458643916551685
RASP,10,C1',214.628,3.5845,rp02,F,3.346916675567627,0.2376055717468261,0.0,8.566566395426923,11.418269230769232,0.31962076169050296,0.31119007772308743,0.3333333333333333,13.637573868951701
DFIRE,10,C1',208.082,-11.6025,rp02,F,-12.42136001586914,0.8188242316246033,0.0,6.997535807742065,26.08173076923077,0.43278965129358826,0.47219227436274785,0.5773502691896257,9.785731865548154
rsRNASP,10,C1',225.785,-5.2669,rp02,F,-5.670284748077393,0.4034793078899383,0.0,8.06459851725555,14.903846153846153,0.35774546038888,0.34568826047563095,0.7745966692414834,12.541138781189387
cgRNASP,10,C1',412.265,-140.9119,rp02,F,-143.8626251220703,3.6070477962493896,0.0,7.553348678449657,24.27884615384615,0.4361039691467138,0.4561626507595116,0.23570226039551584,10.11584346420604
RASP,13,C3',788.779,-7.2911,rp02,G,-7.888232707977295,0.5971093773841858,0.0,8.30068346134411,17.89568345323741,0.41939510776815625,0.437410364037329,0.31622776601683794,11.493296912214396
DFIRE,13,C3',370.131,-23.7231,rp02,G,-23.930004119873047,0.2068928182125091,0.0,10.221370533448164,15.377697841726617,0.4130427912268504,0.39286596779831134,0.0,13.624045722465173
rsRNASP,13,C3',415.957,-4.6335,rp02,G,-10.207029342651367,5.573522567749023,0.0,11.061213148114534,15.557553956834532,0.431846912331711,0.382919494538109,0.31622776601683794,14.514172358092722
cgRNASP,13,C3',290.535,-240.8382,rp02,G,-245.2391815185547,4.443033695220947,0.0,7.59400454234021,19.244604316546763,0.4375513557929334,0.4682575947273918,0.0,10.651886143635961
RASP,13,C4',222.772,8.4169,rp02,G,8.308409690856934,0.1084448397159576,0.0,17.559647875504144,5.215827338129497,0.3141078313633778,0.23004189950861506,0.4472135954999579,23.28170927470703
DFIRE,13,C4',432.924,-23.6269,rp02,G,-23.9763412475586,0.3149416446685791,0.034473180770874,10.84585610062208,12.140287769784171,0.41380127678402123,0.35275536204333324,0.7745966692414834,14.57842628901408
rsRNASP,13,C4',225.493,-6.1637,rp02,G,-7.138898849487305,0.9752479195594788,0.0,17.242057926993542,3.507194244604316,0.3272391125718981,0.22222333745268633,0.0,23.131058208538153
cgRNASP,13,C4',399.714,-248.9308,rp02,G,-253.9467010498047,5.437466621398926,0.0102005004882812,8.63454716431565,13.309352517985612,0.37788382529549336,0.3865874491321735,0.31622776601683794,12.492310415699626
RASP,13,C1',217.408,4.7321,rp02,G,4.398064613342285,0.3340682089328766,0.0,16.95722967333198,4.046762589928058,0.3693034574299981,0.22635298341567042,0.0,22.712967134012086
DFIRE,13,C1',215.877,-13.2289,rp02,G,-14.472582817077637,1.2437551021575928,0.0,9.191005571765096,20.68345323741007,0.46169647936287217,0.46563412702023776,0.50709255283711,11.572137762752403
rsRNASP,13,C1',223.213,-7.0755,rp02,G,-7.576828956604004,0.5013349652290344,0.0,15.425586536846572,7.823741007194244,0.38398331331774227,0.2842387600395042,0.2581988897471611,20.19994626663622
cgRNASP,13,C1',239.683,-180.1384,rp02,G,-184.60220336914065,3.1993520259857178,1.43328857421875,9.11625553441558,17.26618705035971,0.4008280133999115,0.42762914972231786,0.0,12.425713773587113
RASP,10,C3',838.629,-2.8766,rp02,H,-3.6925010681152335,0.8158583641052246,0.0,6.990212090510216,22.836538461538463,0.4004552804016679,0.4430752313321804,0.408248290463863,10.037229827494615
DFIRE,10,C3',727.304,-19.4768,rp02,H,-19.727407455444336,0.2505693137645721,0.0,8.221535538843428,20.552884615384613,0.40809292826142457,0.4116535767194559,0.0,11.761696574467159
rsRNASP,10,C3',222.875,-3.4048,rp02,H,-4.136163711547852,0.7314662337303162,0.0,8.081178503029667,16.466346153846153,0.3595225938218024,0.3666623021502521,0.5,11.76284937188896
cgRNASP,10,C3',567.637,-169.3167,rp02,H,-172.00253295898438,2.809203863143921,0.0,6.725192659359228,23.197115384615387,0.4290060420389754,0.44977967997773555,0.0,9.982835098125296
RASP,10,C4',222.028,6.323,rp02,H,6.247105598449707,0.0759152770042419,0.0,9.328779910585908,12.740384615384615,0.3109735341673049,0.3138309566750968,0.0,13.27634655050171
DFIRE,10,C4',852.038,-17.9947,rp02,H,-18.203758239746094,0.2090213149785995,0.0,7.164812694014617,25.721153846153843,0.4184962981873883,0.4824117989238611,0.0,9.711388355596695
rsRNASP,10,C4',220.966,-3.9068,rp02,H,-5.303715229034424,1.3969626426696775,0.0,8.998266827832794,12.860576923076925,0.32507871670496125,0.32518924176291875,1.0,12.936804969832775
cgRNASP,10,C4',245.225,-136.8583,rp02,H,-138.15830993652344,1.477263569831848,0.0,8.289708385144596,16.947115384615387,0.43026125436133095,0.37911505042283655,0.408248290463863,12.560199119913253
RASP,10,C1',213.129,3.5845,rp02,H,3.346914291381836,0.2376083433628082,0.0,8.196474756639628,17.427884615384613,0.36252233852438087,0.3725880755512793,0.816496580927726,11.648088932444134
DFIRE,10,C1',217.051,-11.6025,rp02,H,-12.42148208618164,0.8189400434494019,0.0,6.310669013771473,32.45192307692307,0.4597055569738746,0.5419020248626389,0.816496580927726,8.39443223691711
rsRNASP,10,C1',224.103,-4.1676,rp02,H,-4.430312156677246,0.2627094089984894,0.0,7.676757293168296,18.75,0.3991575185090631,0.39508242186795955,0.7071067811865476,10.997483960149237
cgRNASP,10,C1',249.002,-115.3231,rp02,H,-116.53314971923828,1.811392307281494,0.0,7.71450051666767,18.990384615384617,0.4298783082290869,0.4021274384918847,0.408248290463863,11.386409840934716
RASP,84,C3',3075.012,-59.8488,rp03,A,-64.43913269042969,4.590597152709961,0.0,76.20677833100225,0.41459369817578773,0.1746436246418338,0.10019226334534523,0.1640825308284734,90.58193223565804
DFIRE,84,C3',2972.904,-179.7862,rp03,A,-181.53125,1.7452707290649414,0.0,51.64298387209422,0.06909894969596463,0.18889237106017193,0.16151289845136593,0.23371317622140134,59.81546674702753
rsRNASP,84,C3',396.856,-33.2093,rp03,A,-46.51119995117188,13.302253723144531,0.0,133.3457084185598,0.0,0.1471167621776504,0.0575910828593244,0.3144854510165755,160.88205605831664
cgRNASP,84,C3',2605.812,-1387.2488,rp03,A,-1402.932861328125,97.31316375732422,52.93229293823242,22.77085583808769,1.299060254284135,0.16840078796561603,0.3312538311188318,0.028016590734026292,31.840496247554693
RASP,84,C4',386.448,57.9702,rp03,A,57.091064453125,0.8790999054908752,0.0,143.16465525365396,0.0,0.12790472779369627,0.053120419997834574,0.14824986333222023,172.7474058522761
DFIRE,84,C4',2994.285,-136.0872,rp03,A,-138.11082458496094,2.0236570835113525,0.0,85.08149729283144,0.3731343283582089,0.17413413323782234,0.09887560721541071,0.18502701363167842,109.53359394567929
rsRNASP,84,C4',414.823,-44.4619,rp03,A,-51.130889892578125,6.668967723846436,0.0,139.05206682121818,0.027639579878385848,0.1349785100286533,0.05563015968359987,0.19889806323953876,167.57002541981424
cgRNASP,84,C4',2892.386,-1583.3387,rp03,A,-1634.86572265625,47.51884078979492,36.52252197265625,23.670191970151308,1.3681592039800996,0.18044143982808022,0.3393225493518364,0.0,32.06318206952193
RASP,84,C1',380.076,31.8899,rp03,A,29.27581787109375,2.614051818847656,0.0,139.2270888728021,0.0,0.14841063753581663,0.05529248603029239,0.3081824980742892,167.98234769016975
DFIRE,84,C1',368.674,-88.9333,rp03,A,-99.74042510986328,10.80695915222168,0.0,107.62220755467054,0.0,0.18821991404011462,0.06610995630244997,0.40286379735875516,129.42865958321983
rsRNASP,84,C1',399.757,-54.2656,rp03,A,-57.43987655639648,3.1741323471069336,0.0,128.9270816953537,0.0,0.16081751432664756,0.05762559886313796,0.34591634777518054,155.7914740544643
cgRNASP,84,C1',3040.656,-1615.2977,rp03,A,-1725.7459716796875,26.12080955505371,87.09683227539062,25.2663247067162,0.6909894969596463,0.177439111747851,0.30651476861813165,0.05814838046295804,35.095360845837895
RASP,126,C3',3239.083,-78.5007,rp04,A,-86.81575775146484,8.316116333007812,0.0,121.2163583733535,0.0,0.17633949871641796,0.04382765979625944,0.1814776342597813,157.2524777621
DFIRE,126,C3',4127.256,-271.6398,rp04,A,-273.8415832519531,2.2019195556640625,0.0,92.43139902032686,0.0,0.17594907100314902,0.05075434780113066,0.2916456041335988,133.77933003802852
rsRNASP,126,C3',582.778,-37.5758,rp04,A,-60.59746170043945,23.01987648010254,0.0,202.52419345632472,0.0,0.14428602350246825,0.024590688668299884,0.2474695012633381,257.6299479557702
cgRNASP,126,C3',3373.383,-1548.9512,rp04,A,-1884.4556884765625,189.9434356689453,229.09982299804688,28.185386304453825,0.4627915586819697,0.17691379402639779,0.3226651001372049,0.04029728157411205,40.236618257000266
RASP,126,C4',583.848,87.2834,rp04,A,85.94835662841797,1.3350582122802734,0.0,218.631073451288,0.0,0.12459007999404176,0.022800175484105088,0.10943513103291656,279.258562780335
DFIRE,126,C4',4082.027,-203.4695,rp04,A,-206.9179077148437,3.4484126567840576,0.0,144.56679874711804,0.0,0.1694776298303065,0.03184764514209918,0.34627019946968524,190.89335537685082
rsRNASP,126,C4',618.269,-57.0652,rp04,A,-69.30087280273438,12.23581314086914,0.0,212.61554836055348,0.0,0.13219789273769544,0.024300170190774493,0.17129307448133874,270.6126726624332
cgRNASP,126,C4',4171.995,-2012.071,rp04,A,-2278.74462890625,106.21166229248048,148.37881469726562,24.08808418080064,1.3143280266567938,0.2036420912495316,0.38849431123232764,0.06770953284673698,33.61972211580023
RASP,126,C1',583.553,47.9552,rp04,A,43.99244689941406,3.962712049484253,0.0,212.44808702311883,0.0,0.14606651352125066,0.023928851850087134,0.19980029950087344,271.14289009503796
DFIRE,126,C1',573.541,-140.4978,rp04,A,-155.5060272216797,15.009079933166504,0.0,168.07830839475372,0.0,0.1850429528670544,0.029197867140082,0.4632340163086078,216.2027241793411
rsRNASP,126,C1',599.001,-86.0204,rp04,A,-93.30716705322266,7.329355716705322,0.0,198.1084373596344,0.0,0.15557409747775552,0.02527991513778997,0.35923841713671495,253.01250401371263
cgRNASP,126,C1',4526.028,-1624.0814,rp04,A,-1850.860595703125,50.35761260986328,350.0665283203125,25.19575687243509,0.9163272861902999,0.2069034136532164,0.3632136596745539,0.019498512685804114,34.92706608588425
RASP,188,C3',6395.522,-113.7555,rp05,A,-126.44384002685548,12.688600540161133,0.0,176.59084663114572,0.0,0.15763475140982525,0.06679775450409832,0.14509525002200233,231.38969869415223
DFIRE,188,C3',6240.673,-318.5627,rp05,A,-322.84295654296875,4.280370712280273,0.0,208.1851569287759,0.0,0.1570866836244032,0.0529215769775264,0.27359422722270776,270.87677498155045
rsRNASP,188,C3',984.801,-47.1165,rp05,A,-75.81555938720703,28.711668014526367,0.0,301.19817502777283,0.0,0.13147331717226898,0.04055395853623318,0.24677405839641225,383.9964183192027
cgRNASP,188,C3',4068.312,1066.5856,rp05,A,-338.68475341796875,494.7663879394531,1108.404541015625,28.350583265369185,1.0159561206681627,0.13516219392139123,0.4020897028251472,0.03065696697424829,37.978251894364085
RASP,188,C4',2471.346,130.5554,rp05,A,128.5478057861328,2.007634162902832,0.0,325.98523655504493,0.0,0.128340332667543,0.03668690477318855,0.2190429135575903,415.2256909308853
DFIRE,188,C4',6286.094,-299.1848,rp05,A,-304.0692749023437,4.870079517364502,0.0142921209335327,223.9795965741393,0.0,0.1541347286477628,0.052739114619056,0.28839363756580005,286.10281493363874
rsRNASP,188,C4',1058.914,-57.0098,rp05,A,-70.89521026611328,13.88852596282959,0.0,315.7369184858032,0.0,0.12141924304761255,0.037057589302711635,0.17843445967710359,402.82312562987255
cgRNASP,188,C4',6175.975,-1266.3855,rp05,A,-2006.616943359375,170.64735412597656,604.4392700195312,26.067231217684306,0.47369733233607575,0.19190552605971628,0.3949435408483674,0.04614227108323546,36.49926786125501
RASP,188,C1',3395.836,71.6702,rp05,A,65.71665954589844,5.953591823577881,0.0,316.93788342174497,0.0,0.13392201717397612,0.037999053208332655,0.23789303403490322,403.9289743816525
DFIRE,188,C1',982.309,-200.5479,rp05,A,-224.9188537597656,24.37171173095703,0.0,259.37756901298377,0.0,0.16814691204170007,0.04586976631956043,0.37471236532191754,332.5157115267967
rsRNASP,188,C1',1005.983,-111.9974,rp05,A,-120.24951934814452,8.46863079071045,0.0,298.99654985332245,0.0,0.13822013475140982,0.03963960287006639,0.2759127027682346,381.33622961418797
cgRNASP,188,C1',6060.441,2026.8135,rp05,A,292.3408508300781,100.9056396484375,2224.960693359375,32.56739070256073,0.43006731488406885,0.13814722502005905,0.3139985158038989,0.07329943395104671,44.67920889794364
RASP,158,C3',4810.515,-34.6637,rp06,A,-45.27067947387695,10.607726097106934,0.0,174.11568729095487,0.0,0.16536163417269914,0.04985942729908807,0.18257418583505536,230.34519188335122
DFIRE,158,C3',1479.899,-275.8951,rp06,A,-279.4189453125,3.524186372756958,0.0,184.47568070583853,0.0,0.16892699589939453,0.04842758515396283,0.21483446221182986,244.31037200473995
rsRNASP,158,C3',854.882,-49.4758,rp06,A,-68.42864990234375,18.974098205566406,0.0,253.67428201849725,0.0,0.14384085727820461,0.0355982696235635,0.19714562323605767,334.63749160278434
cgRNASP,158,C3',4039.795,-1436.2822,rp06,A,-1880.079345703125,324.9109802246094,483.4926452636719,27.6392596712245,0.8294186729301233,0.17454636126778286,0.3623082849395963,0.016216808513683997,39.05481447645044
RASP,158,C4',1519.343,109.6174,rp06,A,107.9354476928711,1.6819744110107422,0.0,272.3029121750789,0.0,0.14330931444390166,0.0334397446958547,0.2707756881986884,358.9494375096852
DFIRE,158,C4',2026.642,-255.529,rp06,A,-259.6019287109375,4.073443412780762,0.0,198.35273221662464,0.0,0.16713390623380853,0.039473870022563716,0.29834709485930816,260.37097406996565
rsRNASP,158,C4',871.72,-46.1416,rp06,A,-61.08012390136719,14.938304901123049,0.0,265.6144170819235,0.0,0.1347171951562523,0.03420038321342224,0.11322770341445958,349.9436981631767
cgRNASP,158,C4',3869.12,-2473.9939,rp06,A,-2839.93359375,130.6059112548828,239.4874267578125,29.5019082299678,0.6018790369935408,0.14411102352296784,0.3402351486865734,0.03125381539589969,41.341886721295594
RASP,158,C1',850.652,60.2341,rp06,A,55.24238204956055,4.99178409576416,0.0,261.78435052209096,0.0,0.1489027734600524,0.03679830816573229,0.3130792998884596,345.8930513487877
DFIRE,158,C1',858.667,-187.5353,rp06,A,-205.61083984375,18.07464408874512,0.0,214.67443578851464,0.0,0.1767007520243964,0.040067255393421486,0.3186510027262766,283.2513278161174
rsRNASP,158,C1',890.919,-82.668,rp06,A,-90.1929168701172,7.584527492523193,0.0,249.87901501682973,0.0,0.15390871341652973,0.035269161226677406,0.32433122608705817,329.6394144363091
cgRNASP,158,C1',4026.787,-850.618,rp06,A,-1692.91064453125,77.1552505493164,888.550048828125,29.76631284453007,0.9688784497944805,0.15246720995988217,0.3433152374229654,0.024209101306752096,41.52415020274859
RASP,185,C3',5935.858,-95.2684,rp07,A,-108.36507415771484,13.097764015197754,0.0,181.8691356455326,0.0,0.18333101849842448,0.04398881835310623,0.14252192813739226,256.44886667912147
DFIRE,185,C3',6058.12,-328.8135,rp07,A,-332.8232421875,4.0101318359375,0.0,192.13238052481697,0.0,0.19183673469387755,0.0369034512880373,0.23470139701908863,272.57475652008054
rsRNASP,185,C3',1075.878,-51.5727,rp07,A,-88.39288330078125,36.9255256652832,0.0,297.5843574071119,0.0,0.15713027022804016,0.02618050666539352,0.21757131728816848,419.64524888568786
cgRNASP,185,C3',1634.584,1405.2195,rp07,A,-353.7748107910156,545.3379516601562,1257.464111328125,36.73490958744912,0.6956741715153049,0.14509197128447296,0.3023092723425744,0.02249606353329238,49.488671974560894
RASP,185,C4',2125.249,128.4616,rp07,A,126.4866180419922,1.9749963283538816,0.0,320.7901559718218,0.0,0.15320879521523623,0.02520129411782956,0.27517476963950355,452.43910570393933
DFIRE,185,C4',1627.272,-285.4952,rp07,A,-290.5638427734375,5.068198204040527,0.0,252.06938176381377,0.0,0.18495082422590475,0.02804136914171196,0.26874192494328497,356.3942850726145
rsRNASP,185,C4',1078.67,-92.5426,rp07,A,-113.02570343017578,20.48729705810547,0.0,310.3809995642692,0.0,0.1448888445212198,0.025566116350257014,0.1906781924524225,437.37246916032905
cgRNASP,185,C4',5550.157,-1553.7545,rp07,A,-1998.5120849609373,161.84982299804688,569.2633056640625,36.26766272625771,0.2719453579559828,0.18243604545178344,0.2751667012887585,0.03113346758666987,50.366127422656575
RASP,185,C1',968.249,70.6049,rp07,A,64.7326889038086,5.872250080108643,0.0,306.13862713451795,0.0,0.1638425680778479,0.024283539239004424,0.3809696588797297,428.7593007954221
DFIRE,185,C1',1016.873,-201.8065,rp07,A,-224.8587188720703,23.053306579589844,0.0,254.37392716318703,0.0,0.20124046215678953,0.029391582387828043,0.332859511724473,359.39599124918493
rsRNASP,185,C1',1066.611,-115.8105,rp07,A,-127.59770965576172,11.77214527130127,0.0,292.2703167223655,0.0,0.16702488736881396,0.026033988875138424,0.17434741848535126,412.2923957179897
cgRNASP,185,C1',3998.356,1526.6423,rp07,A,-44.33785629272461,110.21376037597656,2051.8896484375,33.9354472439592,0.19605363015431318,0.19589796786430438,0.29002107882713074,0.0699177649748767,46.253086128371514
RASP,96,C3',2154.914,-43.4024,rp08,A,-49.29618835449219,5.894958019256592,0.0,80.51476009101593,0.3983582810236601,0.17495464682650155,0.07745650856684114,0.20942695414584775,117.41318788629363
DFIRE,96,C3',2915.973,-246.8725,rp08,A,-248.5369415283203,1.6644645929336548,0.0,50.94080085590053,0.024142926122646062,0.17533016804383272,0.11461483631714493,0.2282541277541086,78.10111753744565
rsRNASP,96,C3',525.166,-39.7513,rp08,A,-55.281585693359375,15.531044006347656,0.0,152.77233922199042,0.24142926122646063,0.14552556144628442,0.04867386654974599,0.20025046972870356,215.70360907131666
cgRNASP,96,C3',3161.195,-1595.4193,rp08,A,-1745.068359375,119.65636444091795,79.30418395996094,23.920100153797087,0.748430709802028,0.21528226040828563,0.3240090020499947,0.04499212706658476,33.425664117682096
RASP,96,C4',483.16,66.3454,rp08,A,65.33598327636719,1.00938618183136,0.0,164.37988523494892,0.20521487204249153,0.13017049122152236,0.04588175128336375,0.2073221072156823,231.59074814030112
DFIRE,96,C4',3014.109,-164.3454,rp08,A,-166.75967407226562,2.414276123046875,0.0,97.78559111049871,0.21728633510381457,0.16987172623509006,0.06602641231692896,0.1562333133729014,142.42055808990878
rsRNASP,96,C4',511.783,-43.6789,rp08,A,-53.13040542602539,9.45186710357666,0.0,160.52240440755597,0.24142926122646063,0.1347685229090887,0.04720029558271678,0.15609763526361567,226.16306842808353
cgRNASP,96,C4',3470.592,-1932.9728,rp08,A,-1980.306640625,52.8502311706543,46.97319793701172,23.229157590423963,0.7846450989859971,0.1928680031448946,0.3302008586067024,0.05923488777590924,33.36807015502851
RASP,96,C1',478.6,36.4799,rp08,A,33.480491638183594,2.9994144439697266,0.0,159.86024401639102,0.3017865765330758,0.14227206397474296,0.047935203755907464,0.1873171623163388,225.50136057240675
DFIRE,96,C1',479.424,-106.3327,rp08,A,-117.29583740234376,10.96316146850586,0.0,122.74726411527696,0.27764365041042977,0.18671052591325843,0.0567740217029965,0.4065595622717274,174.90270643726407
rsRNASP,96,C1',516.92,-68.1932,rp08,A,-71.98866271972656,3.796525478363037,0.0,149.51235121394137,0.3138580395943989,0.15507114253286386,0.05052782246783605,0.26490647141300877,210.54160507878646
cgRNASP,96,C1',3429.12,-1908.4447,rp08,A,-2084.18359375,34.41628646850586,137.14857482910156,20.53586024950464,1.496861419604056,0.21961796261001776,0.39092833891374507,0.10390486669322622,28.464480144024336
RASP,71,C3',1748.423,-41.9317,rp09,A,-47.26868438720703,5.3372650146484375,0.0,74.3468312940542,0.33112582781456956,0.17142439910866886,0.11655185239448451,0.25314477770835536,101.29642237531324
DFIRE,71,C3',1961.024,-165.5597,rp09,A,-166.83485412597656,1.2751333713531494,0.0,35.56321904067696,0.11589403973509935,0.17337148172987477,0.19221459409569763,0.2064902931678669,51.40587465578748
rsRNASP,71,C3',401.601,-14.8199,rp09,A,-27.3220329284668,12.501944541931152,0.0,114.79932807538616,0.26490066225165565,0.14692469117106202,0.08457316501618498,0.1125087900926024,152.4785792599054
cgRNASP,71,C3',2763.064,-1530.3662,rp09,A,-1622.078125,85.38978576660156,28.343233108520508,23.928893307525307,1.8211920529801326,0.17529043982432987,0.30916938184919013,0.0,33.00314029597301
RASP,71,C4',401.137,48.897,rp09,A,48.15898895263672,0.7380219101905823,0.0,124.3010193513122,0.08278145695364239,0.12816995867857991,0.07336107545036699,0.1125087900926024,165.08683589050733
DFIRE,71,C4',512.679,-111.9518,rp09,A,-114.0162582397461,1.9680699110031128,0.0965914726257324,92.1852352199128,0.26490066225165565,0.16315903338164983,0.08955716059425499,0.106074304556764,125.70035280317755
rsRNASP,71,C4',402.082,-35.6039,rp09,A,-43.20037841796875,7.596675395965576,0.0,119.79297985926232,0.2152317880794702,0.13977673452610173,0.07893306286855763,0.18041543379727912,159.65331726954454
cgRNASP,71,C4',2662.563,-1301.658,rp09,A,-1357.8311767578125,36.249961853027344,23.76703643798828,20.08010299245628,1.7218543046357615,0.2120913830776886,0.36408796827716555,0.07955572841757301,27.747324587169473
RASP,71,C1',377.258,26.9173,rp09,A,24.72073173522949,2.1966021060943604,0.0,121.05058859516927,0.18211920529801326,0.14794690954719514,0.07767528127638447,0.2273494308615708,161.46955184250476
DFIRE,71,C1',376.519,-75.4686,rp09,A,-84.20526885986328,8.736221313476562,0.0,93.8489759969136,0.5298013245033113,0.1817763883780802,0.10382190101713254,0.399366587092706,126.75612223734613
rsRNASP,71,C1',396.643,-44.6546,rp09,A,-48.12221908569336,3.4665637016296387,0.0,113.61584000183284,0.26490066225165565,0.1539536594336153,0.08326629107480134,0.26144680219835703,151.65073180410553
cgRNASP,71,C1',2804.718,-1317.5342,rp09,A,-1310.200439453125,17.986181259155273,27.86406707763672,19.20089421296272,2.384105960264901,0.1885316833610973,0.3846074112803445,0.025811286645983363,25.816023210122896
RASP,96,C3',1863.161,-88.4528,rp10,A,-92.9797134399414,4.526826858520508,0.0,86.1994336848568,0.0,0.19114312469691142,0.06492434686931227,0.1927588215951537,121.273719625928
DFIRE,96,C3',3136.116,-171.8876,rp10,A,-173.78759765625,1.89996349811554,0.0,103.00350078884092,0.0,0.19368237989331283,0.05451820358810826,0.10210462507669137,137.22088819135067
rsRNASP,96,C3',468.126,-24.1978,rp10,A,-42.90432357788086,18.7060604095459,0.0,157.88246394338444,0.0,0.16301817695356263,0.03560833007789418,0.21551091417475907,201.27004021029143
cgRNASP,96,C3',2944.036,-1456.2725,rp10,A,-1632.5906982421875,107.57994842529295,66.76709747314453,32.69997674002015,0.0,0.1714804100265882,0.2033598197949349,0.02887954911289539,44.66455350751589
RASP,96,C4',447.311,66.3454,rp10,A,65.33596801757812,1.0093907117843628,0.0,170.7572247343831,0.0,0.13908713901105332,0.032681697419416234,0.1106002527218662,221.21162931458292
DFIRE,96,C4',3060.801,-150.8542,rp10,A,-153.2737274169922,2.3964953422546387,0.0229694843292236,105.8286344791686,0.0,0.18432802127054732,0.03788840799560515,0.2715182303459987,134.23757978355016
rsRNASP,96,C4',457.16,-37.4357,rp10,A,-44.87214660644531,7.436948776245117,0.0,164.90841702987484,0.0,0.15065132690088795,0.03446591733884133,0.03620243071279983,210.35502392819126
cgRNASP,96,C4',3352.281,-1496.4817,rp10,A,-1583.0648193359375,61.29243850708008,24.411903381347656,31.42048911931899,0.15738498789346247,0.1626678483637397,0.22277799455027114,0.05775909822579078,45.18527376989525
RASP,96,C1',457.108,36.4799,rp10,A,33.480499267578125,2.9994113445281982,0.0,166.13154425061282,0.0,0.16082925034698417,0.03316037005183803,0.17311677839032427,213.03357132636475
DFIRE,96,C1',3062.205,-181.4963,rp10,A,-193.2158966064453,11.719700813293455,0.0,63.48948606569057,0.0,0.19547248373773013,0.0822047812970255,0.20276712999008803,84.48445863050533
rsRNASP,96,C1',467.717,-55.387,rp10,A,-61.7880859375,6.404067516326904,0.0,155.41536250606188,0.0,0.17127640006019967,0.03693404377740625,0.20901483117353756,199.93794144878433
cgRNASP,96,C1',3388.637,-1230.9603,rp10,A,-1332.678466796875,28.97220230102539,101.7444305419922,30.890889979008445,0.7869249394673125,0.17900453169679437,0.25084528915283,0.10987021007226223,43.227074861925125
RASP,61,C3',2406.03,-24.9601,rp10,B,-29.34780502319336,4.388097763061523,0.0,53.74490843401199,0.1345119139123751,0.16998235887096774,0.12048301214733204,0.10586770098608782,74.54463385966473
DFIRE,61,C3',1569.614,-168.7658,rp10,B,-169.77578735351562,1.0100404024124146,0.0,28.777537692465085,0.5764796310530361,0.19571446572580645,0.22679915291551986,0.19476824194835865,40.35988229454953
rsRNASP,61,C3',350.71,-9.2715,rp10,B,-18.95086479187012,9.679781913757324,0.0,93.81976028462896,0.09607993850883935,0.15068800403225807,0.05989909961287753,0.23890924128374827,120.51617400761461
cgRNASP,61,C3',2597.781,-1085.397,rp10,B,-1175.7379150390625,71.1134033203125,40.88706207275391,21.420061523894244,1.5564950038431975,0.1723109879032258,0.31432061199817457,0.0,30.09878426130379
RASP,61,C4',341.008,41.9177,rp10,B,41.28822326660156,0.6294542551040649,0.0,101.9458784859904,0.05764796310530361,0.13048891129032258,0.05269223272970019,0.2027212135198458,130.37129365638455
DFIRE,61,C4',585.658,-105.2133,rp10,B,-106.73127746582033,1.4157319068908691,0.1019328832626342,62.71175590994957,0.05764796310530361,0.17589591733870968,0.0808962159479317,0.12512224941797087,83.50162024187446
rsRNASP,61,C4',345.759,-20.9172,rp10,B,-26.25204849243164,5.33521032333374,0.0,98.49401104786632,0.11529592621060722,0.1397845262096774,0.05602844407612267,0.1655211777204736,125.8377269684326
cgRNASP,61,C4',2559.703,-1304.3055,rp10,B,-1305.2607421875,26.582115173339844,12.11632251739502,20.43112934206611,1.518063028439662,0.17551537298387096,0.3183085724190482,0.04423739552038088,29.130552906779258
RASP,61,C1',345.981,23.0923,rp10,B,21.21684455871582,1.875462293624878,0.0,99.05219493575449,0.05764796310530361,0.14784904233870966,0.05423942299641661,0.17556172079419585,126.84119982750624
DFIRE,61,C1',336.334,-66.3057,rp10,B,-73.36339569091797,7.0571136474609375,0.0,74.10200373505202,0.0,0.18469758064516129,0.07510462318369932,0.33633936946753995,96.08927188488956
rsRNASP,61,C1',361.294,-47.431,rp10,B,-51.59876251220703,4.168023109436035,0.0,92.62910674014852,0.09607993850883935,0.15751260080645163,0.05753181770987004,0.21173540197217564,118.54438787264907
cgRNASP,61,C1',2223.741,-1275.9043,rp10,B,-1321.0013427734375,16.827255249023438,46.21424865722656,19.187918914566644,2.574942352036895,0.18461315524193547,0.3515656386684374,0.02926028679903264,26.60271862888449
RASP,57,C3',1730.55,-23.2462,rp11,A,-27.2271671295166,3.981378793716431,0.0,51.65817604316341,0.020729684908789386,0.211444099273788,0.10087028106069904,0.2097953395741723,70.3490504871683
DFIRE,57,C3',1383.648,-142.9533,rp11,A,-144.05386352539062,1.100689172744751,0.0,37.76391637102397,0.0,0.21649814216970215,0.13187465162790346,0.23735633163877068,54.18611833580055
rsRNASP,57,C3',337.653,-3.3741,rp11,A,-7.456347942352295,4.082711219787598,0.0,93.90643421847972,0.45605306799336653,0.18510622457750434,0.06859975829968969,0.31399291281137964,114.0433670058081
cgRNASP,57,C3',1964.112,-942.8972,rp11,A,-1005.712158203125,50.57590103149414,13.863470077514648,24.04099738987889,1.8449419568822554,0.19786738678740873,0.27405027735770554,0.1645770046691583,34.21178818803676
RASP,57,C4',329.031,39.1259,rp11,A,38.53990936279297,0.5860350728034973,0.0,NA,NA,NA,NA,NA,NA
DFIRE,57,C4',611.101,-97.8509,rp11,A,-99.20167541503906,1.3502607345581057,0.0,67.1281889887874,0.538971807628524,0.2171580272481777,0.08751005543512316,0.3083349194223892,83.18033284284643
rsRNASP,57,C4',335.932,-2.6381,rp11,A,-7.317219257354736,4.678740501403809,0.0,97.70326878909856,0.33167495854063017,0.17666138758603886,0.06475276440822969,0.356034497458156,117.26630574142924
cgRNASP,57,C4',2421.852,-1092.6753,rp11,A,-1112.1033935546875,28.450687408447266,22.931196212768555,27.52667111016852,0.7048092868988391,0.19757974457371424,0.22004875416431025,0.09874620280149499,38.094371710928876
RASP,57,C1',313.65,21.5623,rp11,A,19.815263748168945,1.7470242977142334,0.0,98.7147650485036,0.5804311774461028,0.18168328223454008,0.06685545513572777,0.178017248729078,118.83397438011681
DFIRE,57,C1',321.641,-62.2786,rp11,A,-69.216796875,6.938241004943848,0.0,76.84191636014062,0.8291873963515755,0.22935236509580176,0.08145021722674183,0.5253113442011076,93.25206592140032
rsRNASP,57,C1',346.58,-33.9514,rp11,A,-38.52213668823242,4.5708184242248535,0.0,92.71252213692374,0.7255389718076285,0.19626166642978485,0.07021458279722141,0.30023465001632066,113.96035233984705
cgRNASP,57,C1',2430.236,-1141.3448,rp11,A,-1175.193115234375,16.007797241210938,54.856388092041016,24.721875948638868,0.3938640132669984,0.20886377941564638,0.24022278449300333,0.12257028260717912,34.88310638737926
RASP,117,C3',3022.851,-56.0132,rp12,A,-62.82182312011719,6.809126853942871,0.0,114.74843502375302,0.24880573248407642,0.19027135850134702,0.094052666283233,0.2898329022494543,148.70671674057724
DFIRE,117,C3',3305.489,-258.4166,rp12,A,-260.6837158203125,2.267052412033081,0.0,83.81820887290296,0.0,0.1913967900502773,0.07306944931247895,0.15018785229652765,117.62730324597993
rsRNASP,117,C3',547.448,-30.0056,rp12,A,-43.66020965576172,13.654644012451172,0.0,189.09751815439404,0.009952229299363059,0.16339049938188044,0.0538009350150211,0.25205918865708143,252.22131942053502
cgRNASP,117,C3',3311.212,-1771.7208,rp12,A,-2032.9066162109373,173.0316162109375,206.22052001953125,23.138992710781668,1.6222133757961783,0.198058597202308,0.3890289824740537,0.03303692287580837,32.12796757245677
RASP,117,C4',536.788,81.002,rp12,A,79.76466369628906,1.2373095750808716,0.0,204.1287846723299,0.009952229299363059,0.14675734200569793,0.053031690681970854,0.20232565955562798,272.73271508137543
DFIRE,117,C4',3438.837,-183.7973,rp12,A,-187.0977478027344,3.3007404804229736,0.0,136.66598662236,0.0,0.1899396031752389,0.06447058901003573,0.2912411862553587,184.75385293431444
rsRNASP,117,C4',557.66,-40.8202,rp12,A,-51.96602249145508,11.145984649658203,0.0,199.117652245872,0.019904458598726117,0.14683010122208784,0.052508105928401196,0.1251565435804397,265.72791021231353
cgRNASP,117,C4',3798.07,-2406.8413,rp12,A,-2496.57666015625,81.44468688964844,78.24189758300781,20.3946845434786,2.736863057324841,0.22862080566480564,0.4346346688784437,0.09439897672063849,29.032451350604642
RASP,117,C1',535.17,44.5125,rp12,A,40.8388900756836,3.673625946044922,0.0,198.48464186331208,0.019904458598726117,0.16624946932498136,0.05305859229673138,0.21882153700534207,264.26888034635044
DFIRE,117,C1',516.021,-125.9386,rp12,A,-139.81114196777344,13.87215805053711,0.0,157.37686677347804,0.029856687898089172,0.202874723314723,0.06368567262824017,0.36579603479247413,209.98753580773646
rsRNASP,117,C1',533.496,-68.7016,rp12,A,-74.12751770019531,5.4253458976745605,0.0,185.30193643643904,0.0,0.1718499264397647,0.05554167078556018,0.26218941013778485,246.5613312707301
cgRNASP,117,C1',2642.401,-1827.8683,rp12,A,-2029.2843017578125,44.73092269897461,238.2793884277344,28.566076999436845,0.8459394904458598,0.17119976610248236,0.3247258131034479,0.023174488732966077,39.764505071432396
RASP,60,C3',1766.882,-17.6789,rp13,A,-21.9344482421875,4.256561279296875,0.0,48.16493061172331,0.6191950464396285,0.1582960224780834,0.14813137858143133,0.15772007446912795,64.96025703263716
DFIRE,60,C3',2168.366,-132.336,rp13,A,-133.46759033203125,1.1315927505493164,0.0,32.241801425077,0.9674922600619196,0.16330587832725274,0.18982655386919822,0.18325416653445784,44.60302406500652
rsRNASP,60,C3',334.007,-23.6215,rp13,A,-32.53717803955078,8.915912628173828,0.0,95.93773182305428,0.0,0.13754933948942363,0.05303833730684341,0.2493773340269082,123.72425041718839
cgRNASP,60,C3',2152.676,-1130.8317,rp13,A,-1227.380859375,83.45333862304688,23.938758850097656,20.647612524520465,2.9024767801857587,0.1541874105382884,0.34147991816942236,0.03683547343418787,29.00414688067096
RASP,60,C4',324.203,41.2197,rp13,A,40.60112762451172,0.6186139583587646,0.0,103.90422270686592,0.0,0.12571991074311656,0.04790519105170264,0.07053456158585983,133.2956700050536
DFIRE,60,C4',485.158,-99.0365,rp13,A,-100.5972671508789,1.5612457990646362,0.0,73.43738910137004,0.0,0.16519873151124626,0.06988758507351743,0.2666739829256819,98.58094798646603
rsRNASP,60,C4',336.301,-21.3992,rp13,A,-28.01206398010254,6.613804340362549,0.0,101.59238854659078,0.0,0.12889836185665884,0.04902646006883274,0.24433888871261042,130.52657852900322
cgRNASP,60,C4',2393.841,-1386.0615,rp13,A,-1439.383056640625,42.5223388671875,10.90102481842041,19.4355844407706,1.9543343653250773,0.1762546327310582,0.375813040444423,0.04319342127906801,26.496120848005308
RASP,60,C1',322.092,22.7098,rp13,A,20.86644744873047,1.8433488607406616,0.0,101.09298285223451,0.0,0.139433758572661,0.050213598413090775,0.1639075094124459,129.8474517441206
DFIRE,60,C1',327.595,-69.5741,rp13,A,-76.17698669433594,6.603169918060303,0.0,75.21552229912075,0.0,0.1793909133408196,0.06725750850836722,0.2949218517004061,98.52702575578401
rsRNASP,60,C1',335.521,-42.6028,rp13,A,-44.94952392578125,2.346785068511963,0.0,94.3141659280014,0.0,0.14485327074427323,0.05395653113263309,0.10927167294163061,122.14612082324204
cgRNASP,60,C1',2394.165,-1093.5576,rp13,A,-1088.4107666015625,20.69959259033203,48.44408798217773,19.387609590950213,1.8575851393188854,0.18347904246449243,0.3561006896740982,0.06108472217815261,27.095514063886586
RASP,61,C3',1840.142,-31.3618,rp14_bound,A,-35.45987701416016,4.098320484161377,0.0,49.04955191258877,0.0,0.20986671857466738,0.11271889913232885,0.20701966780270625,67.40925807653073
DFIRE,61,C3',2230.032,-147.5136,rp14_bound,A,-148.54620361328125,1.0325478315353394,0.0,29.66721221529212,0.4973221117061974,0.20114588819932672,0.21726696092566067,0.23333333333333334,42.482252508799924
rsRNASP,61,C3',334.415,-19.8523,rp14_bound,A,-28.0235595703125,8.171242713928223,0.0,92.97116621443476,0.03825554705432287,0.16544243937069184,0.06824735175057745,0.11180339887498948,126.7613329358688
cgRNASP,61,C3',2328.738,-1033.746,rp14_bound,A,-1132.46435546875,70.80702209472656,28.39342498779297,23.61191218852073,0.612088752869166,0.1799012984633705,0.2542962778683528,0.10350983390135313,35.022129306460556
RASP,61,C4',336.203,41.9177,rp14_bound,A,41.288211822509766,0.6294645667076111,0.0,100.71145736087134,0.03825554705432287,0.1498271005564843,0.06130326208539336,0.04879500364742666,137.7929831438456
DFIRE,61,C4',2198.908,-108.05,rp14_bound,A,-109.35533142089844,1.3053048849105835,0.0,52.734141474683526,0.0956388676358072,0.20378518102915244,0.12898809706411068,0.20207259421636903,68.72994382336654
rsRNASP,61,C4',340.231,-27.9737,rp14_bound,A,-34.47944259643555,6.50576114654541,0.0,97.94117014901528,0.019127773527161437,0.15867960931595942,0.06451195672673674,0.2449489742783178,133.90439211498457
cgRNASP,61,C4',2399.562,-1212.8275,rp14_bound,A,-1285.48583984375,44.623321533203125,26.235614776611328,18.206977429569804,3.1943381790359604,0.20013396844298897,0.39467354560019285,0.04879500364742666,25.062564864544736
RASP,61,C1',316.379,23.0923,rp14_bound,A,21.216842651367188,1.8754591941833496,0.0,97.79215070692756,0.0,0.1648885313852566,0.06164341543540886,0.14907119849998596,133.57760133803376
DFIRE,61,C1',324.644,-67.8603,rp14_bound,A,-74.87986755371094,7.019708633422852,0.0,72.76875449632229,0.0,0.212504580117709,0.08037885581922599,0.32298759674996963,98.47757672212771
rsRNASP,61,C1',333.037,-41.3691,rp14_bound,A,-45.21358489990234,3.8448102474212646,0.0,90.895731389535,0.019127773527161437,0.17994709964046077,0.06456129696185674,0.3113995776646092,124.25757554788872
cgRNASP,61,C1',2362.636,-1357.2357,rp14_bound,A,-1397.6376953125,12.834380149841309,41.733184814453125,18.312856577497943,1.6258607498087223,0.21536572239906565,0.35870316549712444,0.0,26.222636892693664
RASP,58,C3',1387.986,-38.4534,rp14_free,A,-42.73569869995117,4.282573223114014,0.0,39.22155082916312,0.10105092966855296,0.2075166734721655,0.1526998179489617,0.12262786789699316,56.91620864316349
DFIRE,58,C3',1634.867,-123.1918,rp14_free,A,-124.23472595214844,1.0429404973983765,0.0,36.09376158116952,0.0,0.2050233861687516,0.18402071997760486,0.09723055853282465,51.03123865285902
rsRNASP,58,C3',323.734,-14.9635,rp14_free,A,-21.458539962768555,6.494791507720947,0.0,92.06700507445484,0.0,0.1706896445054877,0.06063697830776905,0.1336306209562122,132.35553873259084
cgRNASP,58,C3',2326.877,-1196.3423,rp14_free,A,-1288.608642578125,90.33013153076172,25.59662437438965,19.597099451307148,2.506063055780113,0.18443675216847938,0.3312751758804931,0.16366341767699427,27.589956010129566
RASP,58,C4',315.784,39.8239,rp14_free,A,39.22697067260742,0.5969009399414062,0.0,99.39297560548904,0.0,0.14657343133251666,0.05475647691412178,0.0,143.21343983614685
DFIRE,58,C4',1546.659,-94.0298,rp14_free,A,-95.51631927490234,1.48651921749115,0.0,56.10976756688498,0.30315278900565884,0.20356175062177512,0.11660087808924359,0.2564112970341854,78.45648251012553
rsRNASP,58,C4',319.105,-26.6038,rp14_free,A,-33.029029846191406,6.425245761871338,0.0,96.1916545004919,0.0,0.16201882029770964,0.0584851626792061,0.20203050891044214,137.9160046879033
cgRNASP,58,C4',785.51,-663.0048,rp14_free,A,-722.4901123046875,34.73786163330078,26.69112205505371,20.82229806492034,4.587712206952305,0.2024728708068847,0.35624637842312706,0.1336306209562122,27.966141649691806
RASP,58,C1',322.997,21.9448,rp14_free,A,20.165668487548828,1.779125690460205,0.0,96.55798146213412,0.0,0.17533903757872726,0.05600884269179215,0.236227795630767,139.00339077098624
DFIRE,58,C1',308.386,-64.7227,rp14_free,A,-71.44026184082031,6.717525482177734,0.0,72.71950993284274,0.0,0.22344618087778562,0.07135210995289726,0.21821789023599236,104.4887019471521
rsRNASP,58,C1',321.775,-38.333,rp14_free,A,-41.82767868041992,3.4957635402679443,0.0,89.44560071902622,0.0,0.18262710815793706,0.06122870005799399,0.22237479499833035,128.20473320074944
cgRNASP,58,C1',2018.229,-1120.2435,rp14_free,A,-1164.708251953125,16.985546112060547,31.747976303100582,20.18373119261389,1.4955537590945838,0.24477523293366493,0.3188038932302936,0.06875238727711584,28.240563518722894
RASP,48,C3',1652.913,-28.0918,rp15,A,-31.3893985748291,3.2975857257843018,0.0,28.99103054195276,0.0,0.24584390091373381,0.14626093446879776,0.13968605915391566,42.38026003708061
DFIRE,48,C3',1333.652,-112.7507,rp15,A,-113.76433563232422,1.0135329961776731,0.0,23.558097709786583,0.682261208576998,0.24567018726331513,0.21846941912764295,0.18033392693348646,34.061109386649846
rsRNASP,48,C3',306.212,-13.0686,rp15,A,-19.560768127441406,6.492198467254639,0.0,68.48881846778951,0.0,0.19835058888927493,0.06065697181873553,0.2361125344403821,103.98027902102676
cgRNASP,48,C3',1724.198,-885.0232,rp15,A,-939.7897338867188,43.587032318115234,16.111242294311523,15.642294234545616,3.3869395711500974,0.2597301358440746,0.39173142420462387,0.09769344135387542,21.559880924352786
RASP,48,C4',288.33,32.8445,rp15,A,32.35619354248047,0.4883447587490082,0.0,74.26555007603199,0.0,0.18002162734947713,0.056009801434252715,0.15617376188860607,112.89686829855938
DFIRE,48,C4',1902.834,-81.0586,rp15,A,-82.13965606689453,1.066989541053772,0.0140355825424194,34.772878107856286,0.04873294346978557,0.23874118403224126,0.11582357598564583,0.20869596778242056,52.390091112369085
rsRNASP,48,C4',298.918,-19.6535,rp15,A,-24.210094451904297,4.556291103363037,0.0,72.20500681035469,0.024366471734892786,0.18370001389709203,0.05818814479823718,0.20952908873087345,109.36235647020952
cgRNASP,48,C4',2136.181,-1022.4997,rp15,A,-1044.998046875,25.07098388671875,5.3358540534973145,18.30368498912061,2.4853801169590644,0.2252458048153424,0.34075471909937183,0.18033392693348646,25.266230711740196
RASP,48,C1',278.122,18.1198,rp15,A,16.661760330200195,1.458003044128418,0.0,NA,NA,NA,NA,NA,NA
DFIRE,48,C1',270.916,-52.174,rp15,A,-57.76816177368164,5.594142913818359,0.0,51.37823556564893,0.0,0.25430375568912206,0.07927417008872634,0.40895890595459816,78.13025325269861
rsRNASP,48,C1',294.067,-28.3677,rp15,A,-30.2617301940918,1.894523024559021,0.0,66.00208642326739,0.0,0.21366779001493938,0.0658140911790359,0.3296171265436078,100.05333011027885
cgRNASP,48,C1',2056.97,-1105.5166,rp15,A,-1129.6942138671875,14.196162223815918,31.539400100708008,14.739028007688944,4.775828460038986,0.24695349685578294,0.4248339755304783,0.25043516133890464,20.363001122959744
RASP,20,C3',1034.478,-7.6856,rp15,B,-9.206724166870115,1.5212221145629885,0.0,11.761713396960824,10.94847775175644,0.42645607107601186,0.4136584871609378,0.18257418583505536,15.835970295464827
DFIRE,20,C3',950.45,-41.7045,rp15,B,-42.02096176147461,0.3164720237255096,0.0,15.50377585226451,2.224824355971897,0.42601184600197434,0.25614969904455925,0.31622776601683794,22.174029608213058
rsRNASP,20,C3',256.466,-5.4376,rp15,B,-8.998638153076172,3.5613510608673096,0.0,11.73000257932303,11.709601873536299,0.3847384007897334,0.40831086840547565,0.22360679774997896,16.233997444542197
cgRNASP,20,C3',1385.507,-532.4957,rp15,B,-546.9603271484375,9.954731941223145,4.782805442810059,19.84546658456301,7.43559718969555,0.3879565646594274,0.29397223249222204,0.4242640687119285,27.400752206935863
RASP,20,C4',246.416,13.3024,rp15,B,13.117976188659668,0.184417262673378,0.0,13.44510442248154,8.723653395784543,0.3316880552813425,0.3527524801939156,0.4472135954999579,19.037072654345813
DFIRE,20,C4',969.089,-38.6125,rp15,B,-39.09088516235352,0.4783535897731781,0.0,8.737818715341646,15.573770491803279,0.4387068114511352,0.4903616365299116,0.28284271247461906,12.239357332678244
rsRNASP,20,C4',248.071,-5.5468,rp15,B,-7.700393199920654,2.153644800186157,0.0,12.936585874488944,9.36768149882904,0.35360315893385985,0.36501176797613427,0.3651483716701107,18.087034813193153
cgRNASP,20,C4',1683.908,-572.3597,rp15,B,-581.8261108398438,9.36457633972168,0.8588161468505859,20.17565559469969,4.391100702576113,0.3903948667324778,0.24264360718761735,0.21081851067789195,28.648565472366634
RASP,20,C1',233.276,7.4097,rp15,B,6.850860595703125,0.5588231086730957,0.0,12.460678988023089,11.475409836065573,0.3881441263573544,0.3930636728786215,0.22360679774997896,17.39523934898622
DFIRE,20,C1',239.258,-18.6863,rp15,B,-21.557281494140625,2.871035575866699,0.0,6.558660678063959,27.69320843091335,0.46177690029615004,0.6351983264000617,0.6324555320336759,9.085862883455526
rsRNASP,20,C1',243.075,-13.6463,rp15,B,-14.41891384124756,0.7728923559188843,0.0,10.831140555840037,11.768149882903982,0.4142744323790721,0.4249746705680745,0.6324555320336759,14.929899181504448
cgRNASP,20,C1',1419.062,-433.4715,rp15,B,-437.5665893554688,4.290942192077637,1.6462477445602417,18.804022207091126,4.215456674473068,0.43206317867719646,0.24591619436024503,0.5163977794943222,27.255779318568177
RASP,58,C3',1421.761,-52.5911,rp17,A,-56.19947052001953,3.609430313110352,0.0,33.19816767631075,0.5060728744939271,0.18370890984626892,0.20452081386660642,0.08058229640253803,44.27141278743155
DFIRE,58,C3',2138.208,-113.479,rp17,A,-114.61742401123048,1.1384282112121582,0.0,40.04745476491743,0.2834008097165992,0.17008775120254493,0.15899174950185113,0.23529914352720094,55.90191581233566
rsRNASP,58,C3',324.891,-10.3549,rp17,A,-22.001319885253903,11.645829200744627,0.0,84.93709115402173,0.4251012145748988,0.14293379983709936,0.08604784683370843,0.12921914767618442,118.94068023069849
cgRNASP,58,C3',2098.807,-1174.7465,rp17,A,-1271.88623046875,81.80145263671875,29.85815048217773,15.750854225046975,3.9473684210526314,0.2182535820215049,0.4266846453934262,0.07128726847826362,21.91568022257756
RASP,58,C4',311.093,39.8239,rp17,A,39.22698211669922,0.5969022512435913,0.0,93.27621448078672,0.10121457489878542,0.12675002945530733,0.07344019273970188,0.11396057645963795,130.9531947145051
DFIRE,58,C4',2043.385,-99.9404,rp17,A,-101.17237854003906,1.2320376634597778,0.0,44.7596322016189,0.08097165991902834,0.1689479588752683,0.11629699692153532,0.18802535827258873,61.94045170837255
rsRNASP,58,C4',313.98,-19.9179,rp17,A,-25.143341064453125,5.22499942779541,0.0,90.30054934369043,0.22267206477732793,0.12779249120182776,0.07590141152906894,0.05698028822981897,126.93842600193265
cgRNASP,58,C4',1977.477,-1068.8408,rp17,A,-1115.630615234375,28.04408264160156,23.51773452758789,17.653031028574315,2.1052631578947367,0.17310627987152363,0.36826449164441727,0.03603749850782236,25.47524865684543
RASP,58,C1',302.838,21.9448,rp17,A,20.16567611694336,1.7791197299957275,0.0,90.56315732899805,0.2631578947368421,0.1436330432199005,0.0791475489360684,0.2279211529192759,127.01590169762935
DFIRE,58,C1',295.669,-62.0195,rp17,A,-69.3055648803711,7.286036014556885,0.0,68.30174034727071,0.6680161943319839,0.17481340703136605,0.10264763115501681,0.30240736837950305,96.09022691248842
rsRNASP,58,C1',311.442,-37.2664,rp17,A,-41.79467010498047,4.528212070465088,0.0,84.36406357600082,0.4048582995951417,0.14684623305039163,0.08404345332703572,0.21320071635561044,118.1673193258149
cgRNASP,58,C1',1972.663,-1176.3326,rp17,A,-1181.1512451171875,19.39990425109864,42.75528717041016,18.52759607695166,2.7530364372469633,0.17156948122800458,0.36674785370753055,0.034360406637202474,26.126914327258483
RASP,71,C3',1596.265,-35.7245,rp18,A,-40.50100326538086,4.776986122131348,0.0,42.94990449629165,0.06561679790026247,0.182904939532478,0.15124637623947643,0.11624763874381928,63.186694062477294
DFIRE,71,C3',2062.617,-139.1666,rp18,A,-140.529541015625,1.363007664680481,0.0,43.935242700911935,0.5249343832020997,0.19332183449563645,0.13976418608095983,0.156603079549939,65.45875850405477
rsRNASP,71,C3',341.94,-19.0761,rp18,A,-28.18484115600586,9.108646392822266,0.0,103.4003252473063,0.41010498687664043,0.15432477568499908,0.06642821780658452,0.19344776406574832,156.72572766505405
cgRNASP,71,C3',1833.715,-1563.4735,rp18,A,-1712.2596435546875,126.45287322998048,49.84087371826172,21.52008645495281,1.4271653543307088,0.1778992193355805,0.3345016491080073,0.04745789978762495,29.91667743762676
RASP,71,C4',340.248,48.897,rp18,A,48.15900421142578,0.7380062937736511,0.0,112.52532172195086,0.34448818897637795,0.13364001770850226,0.06178474456221448,0.1643989873053573,170.61468512824763
DFIRE,71,C4',598.7,-111.835,rp18,A,-113.83931732177734,2.004472255706787,0.0,83.08629586607702,0.21325459317585302,0.17652615291554707,0.07319552356384909,0.3022130242434419,127.59341960728048
rsRNASP,71,C4',344.826,-25.5025,rp18,A,-30.570030212402344,5.067546844482422,0.0,108.65079400717262,0.5413385826771654,0.13850108924822147,0.06593474268204666,0.08787495503274936,164.50353953088688
cgRNASP,71,C4',2064.337,-1470.1925,rp18,A,-1499.5955810546875,38.75008773803711,23.83310317993164,20.45536213366982,1.6076115485564306,0.18061686077347583,0.3464119524417849,0.033557802760701215,29.544069372486312
RASP,71,C1',318.87,26.9173,rp18,A,24.72073173522949,2.1965975761413574,0.0,109.00748651818904,0.32808398950131235,0.15152604333323105,0.06455636882743694,0.10397504898200727,165.31783453942137
DFIRE,71,C1',319.563,-79.6588,rp18,A,-88.17912292480469,8.520042419433594,0.0,80.19135854512668,0.44291338582677164,0.19221176563410902,0.0820679118730803,0.3293683097741546,122.26075192741033
rsRNASP,71,C1',323.508,-46.5767,rp18,A,-49.12976837158203,2.553901195526123,0.0,100.94226662028102,0.6889763779527559,0.15979183743244252,0.0700407735236238,0.25732511773283273,152.82916518158498
cgRNASP,71,C1',409.862,-707.6057,rp18,A,-834.6592407226562,25.929283142089844,95.4291763305664,17.974412645408382,2.5098425196850394,0.20123039024454392,0.3952300725010405,0.0,25.295436931294667
RASP,40,C3',1252.066,-12.5394,rp19,A,-15.504295349121094,2.9648923873901367,0.0,32.20367515799685,0.0,0.2369534699192285,0.1055319037504214,0.23570226039551584,42.5615885463808
DFIRE,40,C3',1176.142,-87.7437,rp19,A,-88.26872253417969,0.5250516533851624,0.0,17.983672994827973,1.0257913247362251,0.25027466379117413,0.2853429135070539,0.2433321316961438,25.145919127886277
rsRNASP,40,C3',271.615,-11.3802,rp19,A,-15.605805397033691,4.226199626922607,0.0,55.35890500377748,0.0,0.1978723728917011,0.06326585182583061,0.21650635094610965,63.900376360472826
cgRNASP,40,C3',338.752,-148.8877,rp19,A,-248.0352325439453,63.095458984375,43.80046463012695,14.783063640592534,5.685814771395076,0.25046285935179347,0.41282488842459236,0.10660035817780522,20.068589624579406
RASP,40,C4',270.868,27.2611,rp19,A,26.859554290771484,0.4015134572982788,0.0,60.4750549618158,0.0,0.172219283432687,0.05868011193348064,0.125,68.60083141352644
DFIRE,40,C4',1580.035,-64.2301,rp19,A,-65.08063507080078,0.8505713939666748,0.0,33.22337106700238,0.0,0.23212905129091982,0.1071446809899332,0.42521003213538067,42.081753937269035
rsRNASP,40,C4',265.444,-17.1839,rp19,A,-21.77408218383789,4.5902018547058105,0.0,59.0007995778077,0.20515826494724504,0.179777624056479,0.06393903593790312,0.21650635094610965,67.17899566279671
cgRNASP,40,C4',1682.455,-892.983,rp19,A,-913.28955078125,18.13172149658203,4.0047783851623535,17.83457322849968,0.4396248534583822,0.22599743647128237,0.2893222937780443,0.0625,25.486902130775025
RASP,40,C1',261.253,15.0597,rp19,A,13.858654022216797,1.2010868787765503,0.0,58.62646060230016,0.0,0.19137453968383145,0.061259297563023514,0.30618621784789724,66.8634439506761
DFIRE,40,C1',265.956,-47.4687,rp19,A,-51.18735885620117,3.7186295986175537,0.0,38.2949368757988,0.11723329425556857,0.2488860857357938,0.10328557681919935,0.3247595264191645,47.503912546181446
rsRNASP,40,C1',264.357,-25.4015,rp19,A,-27.217430114746094,1.8165210485458367,0.0,53.8173082617001,0.058616647127784284,0.21364773860145267,0.0690652654018694,0.31622776601683794,61.75973665474123
cgRNASP,40,C1',757.191,-663.3788,rp19,A,-706.1834106445312,11.661236763000488,29.831897735595703,14.74226387106426,6.652989449003517,0.24989064312018067,0.4178680856241894,0.0,20.053383598933628
RASP,22,C3',1396.479,-1.8918,rp19,B,-3.4689652919769287,1.5773550271987915,0.0,9.669742944141866,15.61158798283262,0.37346233913701743,0.49039341662932767,0.15075567228888181,13.434623520146442
DFIRE,22,C3',826.206,-56.9701,rp19,B,-57.36637115478516,0.3962993621826172,0.0,14.090294153609351,4.774678111587982,0.36861279333838004,0.32234998219074235,0.24618298195866548,18.991448959047585
rsRNASP,22,C3',237.276,-3.7299,rp19,B,-4.722820281982422,0.9931824207305908,0.0,23.0260092704503,1.6630901287553648,0.3132885440322988,0.20842902440135436,0.30151134457776363,29.63778361914857
cgRNASP,22,C3',383.161,-359.6412,rp19,B,-403.4399108886719,39.469383239746094,4.419384002685547,13.56626585098452,5.847639484978541,0.3659159727479182,0.3345678849837963,0.0,19.130509356367348
RASP,22,C4',223.744,14.6983,rp19,B,14.492135047912598,0.2061253190040588,0.0,25.472728007690588,1.448497854077253,0.27925498359828416,0.18629652062814686,0.21320071635561044,32.680748418177195
DFIRE,22,C4',468.234,-39.3568,rp19,B,-39.887962341308594,0.5312426686286926,0.0,12.91213208283554,5.847639484978541,0.3697640676255362,0.34482831688839916,0.30151134457776363,18.171302582864946
rsRNASP,22,C4',230.719,5.6724,rp19,B,4.146080493927002,1.5263409614562988,0.0,NA,NA,NA,NA,NA,NA
cgRNASP,22,C4',430.929,-262.6301,rp19,B,-278.52685546875,12.280038833618164,4.548171043395996,10.724415272715024,15.557939914163091,0.3544190007570023,0.4774726691885781,0.26967994498529685,14.121498892094335
RASP,22,C1',240.079,8.1747,rp19,B,7.551637649536133,0.6230490207672119,0.0,24.40332061204704,1.502145922746781,0.3102289931869795,0.19602662121299722,0.4264014327112209,31.136011522728264
DFIRE,22,C1',226.919,-23.8221,rp19,B,-26.643630981445312,2.821584701538086,0.0,14.27205720140682,6.276824034334763,0.40068287913197076,0.3386559892389277,0.5640760748177662,18.815049366460435
rsRNASP,22,C1',244.376,-11.3655,rp19,B,-12.059666633605955,0.6940006613731384,0.0,21.867290178367725,2.575107296137339,0.33897142316426954,0.23005386928068391,0.17407765595569785,28.12538683562415
cgRNASP,22,C1',646.242,-454.6951,rp19,B,-465.1942443847656,4.830295562744141,6.484499454498291,15.38078004486812,4.989270386266095,0.37007159979813276,0.3121155645051971,0.10660035817780522,20.638888841279755
RASP,18,C3',784.567,-1.0166,rp20,A,-2.311556816101074,1.294982671737671,0.0,11.099743281268523,6.984334203655353,0.37533837579617835,0.3537474207759617,0.29814239699997197,15.63507156507128
DFIRE,18,C3',926.028,-47.8208,rp20,A,-48.184120178222656,0.3633790016174316,0.0,10.954092112897548,15.339425587467362,0.3953722133757962,0.43923109278351513,0.4714045207910317,14.25504553300226
rsRNASP,18,C3',229.927,-10.1941,rp20,A,-11.858863830566406,1.6648790836334229,0.0,16.737389995981832,1.95822454308094,0.34437699044585984,0.20373111994021617,0.5773502691896257,22.913637763974286
cgRNASP,18,C3',386.678,-198.8512,rp20,A,-218.02883911132807,15.003876686096191,5.3470892906188965,11.627273656332886,11.22715404699739,0.3889729299363057,0.38184469290519774,0.3779644730092272,15.79231673613693
RASP,18,C4',222.348,11.9065,rp20,A,11.74382495880127,0.1627015322446823,0.0,18.7233887820601,1.2402088772845952,0.28880374203821657,0.17892360669683077,0.5773502691896257,25.164955389547217
DFIRE,18,C4',260.31,-28.5309,rp20,A,-29.00190162658692,0.4710440933704376,0.0,10.10778509839831,8.681462140992165,0.3684116242038217,0.3816328955725261,0.29814239699997197,14.596988021058182
rsRNASP,18,C4',230.117,-5.617,rp20,A,-7.386262893676758,1.7693077325820925,0.0,17.787663681932433,1.3054830287206265,0.31258957006369426,0.19921537041540577,0.4714045207910317,23.61547584577685
cgRNASP,18,C4',327.012,-251.2065,rp20,A,-258.5464782714844,6.240293025970459,1.124695897102356,12.968400597082953,8.550913838120104,0.4168889331210191,0.3537758433878047,0.4472135954999579,17.21628184599189
RASP,18,C1',226.066,6.6447,rp20,A,6.150081157684326,0.4945985674858093,0.0,18.07854800986369,1.8276762402088773,0.3194267515923567,0.18881601101751672,0.3333333333333333,24.205384519346946
DFIRE,18,C1',220.071,-20.716,rp20,A,-22.412994384765625,1.6969085931777954,0.0,7.305334908588015,19.451697127937337,0.43272292993630573,0.5283002667406813,0.4444444444444444,10.217370032932724
rsRNASP,18,C1',228.643,-8.5313,rp20,A,-8.93050479888916,0.3992173373699188,0.0,16.124211719331022,2.088772845953003,0.35349323248407644,0.21523779208568428,0.5773502691896257,21.755113613020878
cgRNASP,18,C1',322.44,-298.9172,rp20,A,-323.0936889648437,4.805181980133057,19.55831527709961,11.834468390997015,11.096605744125327,0.37204418789808913,0.3836453146984127,0.3333333333333333,16.126973575356338
RASP,50,C3',1445.432,-10.774,rp20,B,-15.042208671569824,4.268527984619141,0.0,41.22565969288471,0.0,0.21961053294264865,0.09759404887520945,0.1846372364689991,63.23851581509108
DFIRE,50,C3',454.746,-97.7951,rp20,B,-98.7717742919922,0.976733386516571,0.0,48.60314158212479,0.0,0.24436706745529016,0.09183775771537749,0.2090605025017727,71.73348136999029
rsRNASP,50,C3',282.864,-10.4499,rp20,B,-16.117937088012695,5.66804313659668,0.0,77.15504135606616,0.046992481203007516,0.18238732191850027,0.06662598670753042,0.2279211529192759,112.82297858188134
cgRNASP,50,C3',1650.839,-925.4379,rp20,B,-961.555419921875,39.35190582275391,11.871490478515623,18.680292345105272,3.618421052631579,0.23750612064074364,0.3900485393341668,0.07312724241271307,23.88219565488797
RASP,50,C4',266.638,34.2404,rp20,B,33.730350494384766,0.5100578665733337,0.0,82.85953020189483,0.14097744360902253,0.17251463124596816,0.06456619510523348,0.28603877677367767,121.08945834393516
DFIRE,50,C4',554.284,-82.2811,rp20,B,-83.58782958984375,1.3069506883621216,0.0,54.12805994511288,0.046992481203007516,0.22028671801528021,0.08882407234302714,0.35032452487268534,77.48708432284225
rsRNASP,50,C4',285.726,-13.1632,rp20,B,-18.713218688964844,5.550120830535889,0.0,80.58499457563266,0.1644736842105263,0.16867708665272846,0.06533842337066564,0.10660035817780522,117.77447660685944
cgRNASP,50,C4',1401.869,-1155.1918,rp20,B,-1183.9813232421875,17.620084762573242,13.210298538208008,18.652887311826568,1.7152255639097744,0.20944638318708564,0.3292283062178975,0.0,26.197257839759285
RASP,50,C1',735.132,17.2637,rp20,B,15.868844985961914,1.3829352855682373,0.0130293369293212,78.2107775587943,0.0,0.19458002689195808,0.06417110671511754,0.3481553119113957,114.90692944189882
DFIRE,50,C1',272.324,-57.0469,rp20,B,-62.99043273925781,5.943605899810791,0.0,58.91227358280913,0.046992481203007516,0.23724575052656943,0.077763295410329,0.45226701686664544,86.83164289655814
rsRNASP,50,C1',282.76,-26.4568,rp20,B,-29.16273498535156,2.707214593887329,0.0,76.14144063651852,0.1174812030075188,0.18966796981261125,0.06739831030233827,0.26650089544451305,111.17666769121745
cgRNASP,50,C1',1341.361,-1062.3805,rp20,B,-1110.0079345703125,15.020050048828123,42.4503059387207,20.784368753134224,1.362781954887218,0.22370650458950903,0.28103108354362727,0.14301938838683884,29.842757490351907
RASP,41,C3',1126.021,-10.4578,rp21,A,-13.489601135253906,3.031763792037964,0.0,42.1957462550432,0.02847380410022779,0.1566336549736519,0.1025234516845254,0.16666666666666666,61.27800200604472
DFIRE,41,C3',844.524,-130.5244,rp21,A,-131.39639282226562,0.8720360398292542,0.0,19.797246346069947,0.7403189066059226,0.17523628554878995,0.2638148091753684,0.07856742013183861,28.277567857756722
rsRNASP,41,C3',270.369,-18.0204,rp21,A,-24.69800567626953,6.677492141723633,0.0,68.29977846712708,0.08542141230068337,0.13812991820069792,0.06532696823030594,0.20573779994945587,98.49421508380325
cgRNASP,41,C3',1236.754,-845.6785,rp21,A,-896.5498046875,40.93351745605469,18.76986122131348,15.858803168733465,5.039863325740319,0.1870293714592487,0.37852548581762546,0.08206099398622183,21.550250898553696
RASP,41,C4',254.57,27.959,rp21,A,27.546628952026367,0.4123711287975311,0.0,NA,NA,NA,NA,NA,NA
DFIRE,41,C4',1116.484,-82.008,rp21,A,-82.92042541503906,0.9125853180885316,0.0,22.73564395223781,2.7619589977220955,0.1605717474534846,0.2799461615771657,0.16412198797244365,29.873630894347123
rsRNASP,41,C4',262.95,-22.6313,rp21,A,-28.24415779113769,5.612902641296387,0.0,70.99617059234397,0.17084282460136674,0.1269019397312914,0.06650039589344592,0.2721655269759087,97.82312146869954
cgRNASP,41,C4',1349.362,-808.2245,rp21,A,-828.9813232421875,15.873076438903809,5.688778400421143,18.211438089757504,2.9612756264236904,0.17718767218117343,0.3274435153413569,0.07856742013183861,25.572242652280046
RASP,41,C1',265.705,15.4422,rp21,A,14.20903778076172,1.2332044839859009,0.0,71.23698239675397,0.02847380410022779,0.13831711004054648,0.06429936164841119,0.24343224778007383,98.76144213336293
DFIRE,41,C1',259.804,-45.7615,rp21,A,-50.533634185791016,4.772164821624756,0.0,51.13192658840001,0.22779043280182232,0.17806712063631097,0.09112879474080882,0.3651483716701107,70.43108989437069
rsRNASP,41,C1',263.96,-28.0948,rp21,A,-29.775787353515625,1.6822915077209473,0.0,66.4464530445755,0.05694760820045558,0.14685906220420158,0.06840787025864321,0.3367876570272817,93.54939862893339
cgRNASP,41,C1',1216.166,-749.5749,rp21,A,-781.1298217773438,11.505762100219728,19.47582054138184,14.818155141889989,5.381548974943053,0.21648559682409618,0.41679873479523577,0.045360921162651446,20.364911574835435
RASP,111,C3',2064.53,-27.6771,rp24,A,-36.08739471435547,8.410582542419434,0.0,108.11819766949743,0.6342494714587738,0.18948755036677345,0.13800126971300097,0.08856148855400953,125.83518185109135
DFIRE,111,C3',2149.5,-221.6127,rp24,A,-223.9380645751953,2.3252830505371094,0.0,87.13668055855193,0.0,0.19863769869968856,0.15833168155440475,0.2898754521821014,102.90252113144567
rsRNASP,111,C3',452.762,-19.9291,rp24,A,-34.75619888305664,14.830205917358398,0.0,173.18175976591488,0.7505285412262157,0.16421486871430047,0.1028965153674396,0.2151657414559676,196.41885916191626
cgRNASP,111,C3',1774.729,-1790.9067,rp24,A,-1945.864013671875,136.22410583496094,116.1253662109375,28.78681796755832,0.41226215644820297,0.211130872433693,0.28013290024856874,0.04675245822121844,40.30838007156468
RASP,111,C4',440.998,76.8144,rp24,A,75.64217376708984,1.1721949577331543,0.0,NA,NA,NA,NA,NA,NA
DFIRE,111,C4',2105.246,-186.687,rp24,A,-189.4784545898437,2.79148530960083,0.0,125.03608593481194,1.20507399577167,0.1885458946467315,0.12845159125819586,0.3220801642198849,142.48749881370622
rsRNASP,111,C4',458.125,-32.5275,rp24,A,-43.722354888916016,11.19472885131836,0.0,182.09987591158128,0.46511627906976744,0.15205230764689387,0.09304033353959565,0.2201927530252721,207.23827780519747
cgRNASP,111,C4',2114.851,-2085.2166,rp24,A,-2229.950439453125,73.192626953125,97.16696166992188,28.81146436443492,0.6025369978858351,0.17148391953123848,0.27600041014255317,0.019920476822239894,40.81663806124658
RASP,111,C1',438.902,42.2174,rp24,A,38.73638534545898,3.4810726642608643,0.0,182.16128831447384,0.49682875264270615,0.1649351320236742,0.094537802726002,0.2981423969999719,206.83515134971856
DFIRE,111,C1',438.825,-126.7515,rp24,A,-139.1769561767578,12.42551040649414,0.0,140.9808985803297,0.7399577167019027,0.2108438002745266,0.12973658508019872,0.3994677309684806,158.33738277000322
rsRNASP,111,C1',443.087,-71.6825,rp24,A,-78.04568481445312,6.3900146484375,0.0,169.03627525298464,0.6131078224101479,0.1724071258837247,0.10456592692263254,0.3651483716701107,191.5116941762379
cgRNASP,111,C1',1876.311,-1697.2693,rp24,A,-1877.648681640625,38.520606994628906,209.92030334472656,29.15745829080265,0.4334038054968288,0.2141071244077753,0.28307828898417176,0.04865618401009518,40.326580200255144
RASP,69,C3',1295.331,-26.2518,R1107,A,-31.461055755615234,5.208981990814209,0.0004183053970336,63.2591976480438,0.8555783709787816,0.1980201910130608,0.16747631277353317,0.1889822365046136,75.89569899846505
DFIRE,69,C3',1117.528,-163.0461,R1107,A,-164.46522521972656,1.4190890789031982,0.0,43.37003283387934,0.3593429158110883,0.20676142227717326,0.21760092289398902,0.10690449676496976,54.72408440481359
rsRNASP,69,C3',327.623,-17.035,R1107,A,-28.239782333374023,11.205096244812012,0.0,109.46767562808964,0.17111567419575632,0.17154109714632984,0.11211248558845306,0.21128856368212914,129.42873427755504
cgRNASP,69,C3',1432.812,-1267.2845,R1107,A,-1386.72802734375,93.13809967041016,57.40727233886719,24.73170211245544,1.163586584531143,0.19535748151951254,0.2894824065991495,0.07207499701564472,34.10502680810174
RASP,69,C4',326.539,47.5011,R1107,A,46.78482055664063,0.716327428817749,0.0,118.71172374219212,0.06844626967830253,0.1478700943539557,0.09976267204357951,0.1690308509457033,140.86814892879295
DFIRE,69,C4',1563.126,-109.4085,R1107,A,-111.24885559082033,1.840338468551636,0.0,74.16340466074455,0.7871321013004793,0.1931898552470963,0.15950199747729343,0.38247315498700596,89.13496457420652
rsRNASP,69,C4',322.502,-30.9689,R1107,A,-38.69276428222656,7.724372386932373,0.0,115.1780163297826,0.20533880903490762,0.16050912367650372,0.10921541493833241,0.253546276418555,136.06002149939357
cgRNASP,69,C4',1387.987,-1391.3127,R1107,A,-1452.279296875,46.16430282592773,16.26547622680664,23.14780295247893,1.163586584531143,0.1809398198840091,0.3042612690939047,0.02817180849095055,32.32779204098601
RASP,69,C1',312.285,26.1523,R1107,A,24.01995277404785,2.1323745250701904,0.0,115.36377504386712,0.37645448323066394,0.17393399938180085,0.10845880061148662,0.22587697572631282,135.9802406674672
DFIRE,69,C1',290.957,-77.1968,R1107,A,-85.39574432373047,8.198989868164062,0.0,88.28134768713704,1.0266940451745379,0.21204361971321845,0.16703554447940636,0.45773770821706344,104.18761497430125
rsRNASP,69,C1',297.257,-46.8269,R1107,A,-49.35678482055664,2.530170440673828,0.0,107.74191730485433,0.4620123203285421,0.18095160757975032,0.11787458747983286,0.3833259389999639,126.95171869372763
cgRNASP,69,C1',1571.648,-1363.0691,R1107,A,-1458.8292236328125,22.04033851623535,72.88582611083984,19.960395952115324,3.6276522929500343,0.21327739853413455,0.397915722016776,0.0,26.69958710177056
