Score_Function,Sequence_Length,Bead_Atom,Execution_Time(s),Final_Score,PDB_ID,Chain,Potential,Bond,WCA,RMSD,GDT_TS,lDDT,TM_score,INF,MAE
RASP,155,C3',4120.015,-43.042,pdb1u9s,A,-54.11120223999024,11.0692720413208,0.0,166.1753850303189,0.0,0.1603275445889768,0.0336846356724435,0.16155613916031203,245.10272945585407
DFIRE,155,C3',1191.507,-264.7859,pdb1u9s,A,-268.2223205566406,3.4388527870178223,0.0,192.81919089235532,0.0,0.1626090462511381,0.03204165174285867,0.12608826746517235,278.0127169911882
rsRNASP,155,C3',845.11,-70.8277,pdb1u9s,A,-91.16497802734376,20.33857727050781,0.0,248.88657500121127,0.0,0.13436289110196706,0.025492190459591547,0.13151918984428584,355.39048667938386
cgRNASP,155,C3',4888.147,-1585.3208,pdb1u9s,A,-2212.582275390625,308.03338623046875,468.1078796386719,30.193824271633787,0.7915173237753883,0.1824901364313291,0.34172684809577164,0.03308724303606569,41.126295714167554
RASP,155,C4',1327.506,107.5235,pdb1u9s,A,105.87393188476562,1.6496036052703855,0.0,267.0548405438933,0.0,0.13118193431816097,0.02442543488759531,0.2707756881986884,381.9013161875655
DFIRE,155,C4',5183.83,-252.6554,pdb1u9s,A,-256.63067626953125,3.9753258228302,0.0,178.88427636372566,0.0,0.16009815927104876,0.04161612216412545,0.228745107760416,262.4854532558077
rsRNASP,155,C4',841.07,-49.6594,pdb1u9s,A,-66.16075134277344,16.50139617919922,0.0,260.8528260253024,0.0,0.1253454013537263,0.024105491610293836,0.13300532955644181,372.3900820603138
cgRNASP,155,C4',4599.444,-2500.5122,pdb1u9s,A,-2697.168701171875,113.25875091552734,266.0881042480469,28.739824081877902,1.0976702508960572,0.17260671710790992,0.3519392722116754,0.017210072561045772,39.16436676549472
RASP,155,C1',2768.002,59.0476,pdb1u9s,A,54.15363311767578,4.893980979919434,0.0,259.6517605930064,0.0,0.13647808840863054,0.025162347981624415,0.20478889182363452,371.59302801964674
DFIRE,155,C1',777.521,-179.8906,pdb1u9s,A,-197.658203125,17.766422271728516,0.0,209.00986185942014,0.0,0.17042093970342242,0.0303065618994836,0.30296848534238313,298.8696141979828
rsRNASP,155,C1',829.529,-86.934,pdb1u9s,A,-91.78912353515624,4.839655876159668,0.0,244.1576997089015,0.0,0.14301468771835718,0.02638489673452262,0.25382393258105723,348.3670586903228
cgRNASP,155,C1',3285.359,-830.5959,pdb1u9s,A,-1604.0091552734375,73.40188598632812,813.3204345703125,29.312435768699327,2.120669056152927,0.18313197419591623,0.353346008081109,0.07263026003495399,40.39296135553468
RASP,46,C3',1925.884,-28.9196,pdb1xjr,A,-31.86353874206543,2.94396448135376,0.0,35.148439154816394,0.455005055611729,0.1775935843359219,0.15138899104196857,0.32025630761017426,51.09255315666234
DFIRE,46,C3',1552.348,-102.0433,pdb1xjr,A,-102.81846618652344,0.7751139998435974,0.0,34.35548643973109,0.8088978766430739,0.17667957562914266,0.16707376673612712,0.21706078553111477,48.88008755046965
rsRNASP,46,C3',338.623,-15.442,pdb1xjr,A,-24.52800178527832,9.086094856262209,0.0,73.7116518240386,0.2780586450960566,0.14255827651810077,0.0793782655891825,0.2631174057921088,103.07511808646537
cgRNASP,46,C3',2100.878,-890.9125,pdb1xjr,A,-997.3534545898438,79.54596710205078,32.07267761230469,16.659666492657337,3.058645096056623,0.20400674335312557,0.3702065563981847,0.08362420100070908,22.474165696262514
RASP,46,C4',325.609,31.4487,pdb1xjr,A,30.982032775878903,0.4666368067264557,0.0,NA,NA,NA,NA,NA,NA
DFIRE,46,C4',2172.558,-74.9163,pdb1xjr,A,-75.880615234375,0.9643571972846984,0.0,41.776390883379555,0.3033367037411527,0.16809635682899915,0.12115957842615574,0.31814238148788887,57.956538000255655
rsRNASP,46,C4',344.699,-19.173,pdb1xjr,A,-23.29947280883789,4.126787185668945,0.0,77.44608007830116,0.1769464105156724,0.12742466198603936,0.07581119878783703,0.2620712091804796,107.99381787965203
cgRNASP,46,C4',2590.769,-759.8696,pdb1xjr,A,-808.76806640625,27.030105590820312,29.04587173461914,20.42973980895321,0.96056622851365,0.15553042971950087,0.27192216485382764,0.1386750490563073,29.962634436585347
RASP,46,C1',340.26,17.3548,pdb1xjr,A,15.960988998413086,1.393768310546875,0.0,77.38873735678673,0.10111223458038424,0.1335095903209863,0.07144581422810811,0.16984155512168936,109.06827778229466
DFIRE,46,C1',327.81,-48.79,pdb1xjr,A,-54.13193893432617,5.341782093048096,0.0,56.583927687138015,0.7836198179979776,0.16459265678634538,0.09717759931881932,0.3679900360969936,80.0075461300686
rsRNASP,46,C1',346.594,-33.2755,pdb1xjr,A,-35.94083023071289,2.6655006408691406,0.0,71.81518583384023,0.1769464105156724,0.14433720827888774,0.08106174500878592,0.36028834606144605,100.36712135685244
cgRNASP,46,C1',2292.936,-939.2064,pdb1xjr,A,-1001.0652465820312,15.823580741882324,52.72194290161133,19.129742395755834,3.0080889787664304,0.1836091157135023,0.3384906150865042,0.0,26.21833301107582
RASP,64,C3',2013.22,-20.5019,pdb1yfg,A,-25.1433334350586,4.642121315002441,0.0,66.48726728283663,0.0,0.17060950283984289,0.07102140391329624,0.045083481733371615,89.45745242565494
DFIRE,64,C3',2689.78,-156.0367,pdb1yfg,A,-157.2610321044922,1.2243022918701172,0.0,31.212953575070422,0.05490483162518302,0.18583206145069683,0.17432126541449075,0.0885422004151433,46.10853633349982
rsRNASP,64,C3',367.858,-21.6768,pdb1yfg,A,-30.435422897338867,8.761438369750977,0.0,101.84094181187751,0.0,0.15327770410588737,0.03715748623223017,0.06984302957695783,141.660456505799
cgRNASP,64,C3',2914.708,-1181.6868,pdb1yfg,A,-1290.4124755859375,88.49210357666016,21.765745162963867,19.924740053695814,1.1896046852122988,0.19214977356318963,0.3287291410044489,0.06659271582120269,28.08875692109326
RASP,64,C4',381.744,44.0115,pdb1yfg,A,43.34944915771485,0.6620299816131592,0.0,NA,NA,NA,NA,NA,NA
DFIRE,64,C4',2324.596,-112.3374,pdb1yfg,A,-113.88504028320312,1.5366296768188477,0.0109764337539672,62.42621401881886,0.0,0.1823116571171216,0.06300580330227457,0.09188458377475332,89.84422330937682
rsRNASP,64,C4',408.06,-3.9451,pdb1yfg,A,-8.623231887817383,4.678280830383301,0.0,107.34468781856204,0.0,0.14174819225861335,0.03532196762565448,0.19127301391900148,148.7753071445318
cgRNASP,64,C4',2780.008,-1401.1736,pdb1yfg,A,-1453.9703369140625,35.27979278564453,20.767072677612305,18.55285068412743,3.4773060029282576,0.1836427552731003,0.3962115755464659,0.0,25.243803558924235
RASP,64,C1',382.957,24.2398,pdb1yfg,A,22.268009185791016,1.9718010425567627,0.0,106.6616531734079,0.0,0.15306252658443215,0.03560181309685283,0.13968605915391566,148.32287225148437
DFIRE,64,C1',358.966,-71.4585,pdb1yfg,A,-79.0526351928711,7.594245910644531,0.0,79.38371374622393,0.0,0.187663572447269,0.05014206347508003,0.24607943495851858,113.1017277336576
rsRNASP,64,C1',364.958,-37.9368,pdb1yfg,A,-40.95045852661133,3.017221212387085,0.0,100.48014818184343,0.0,0.16367002777291267,0.03761655159629237,0.11805626722019105,141.2807781620462
cgRNASP,64,C1',2921.718,-1357.5697,pdb1yfg,A,-1383.150634765625,14.968905448913574,35.47883224487305,17.377479234288803,2.013177159590044,0.18889583906723045,0.3919492663672156,0.07362101738323103,24.712120121690507
RASP,298,C3',12128.93,-139.9437,pdb2a64,A,-159.19766235351562,19.254318237304688,0.0,345.0094183497006,0.0,0.17126632885500442,0.023057479287620787,0.185410135523436,442.88674362704774
DFIRE,298,C3',11764.768,-509.3102,pdb2a64,A,-515.7625732421875,6.451661586761475,0.0,345.13998903467393,0.0,0.1751757240481614,0.023073394225836333,0.23310427779397208,445.9617149631625
rsRNASP,298,C3',2125.507,-90.0349,pdb2a64,A,-143.59869384765625,53.85528564453125,0.0,483.15725819748735,0.0,0.15280089256659385,0.01856265228491374,0.1859850520521378,606.3851110462612
cgRNASP,298,C3',3615.436,21759.0762,pdb2a64,A,6534.51806640625,1334.282958984375,15100.955078125,36.37883723092115,0.3955820147266175,0.1317558458463112,0.34786059127433766,0.004859065841094347,50.42725948804655
RASP,298,C4',8783.094,207.3282,pdb2a64,A,204.12921142578125,3.19898533821106,0.0,518.6832436333268,0.0,0.14947980103203012,0.017659404743817626,0.26915120281216165,649.197876816128
DFIRE,298,C4',3615.859,-462.2098,pdb2a64,A,-470.5747680664063,8.10904598236084,0.2565522193908691,403.6434553289005,0.0,0.17041978522616336,0.022265206243371173,0.28252767129944756,511.4520536375449
rsRNASP,298,C4',2189.786,-81.3653,pdb2a64,A,-106.3220672607422,25.005046844482425,0.0,505.11855180070324,0.0,0.14099809399841942,0.017922292601314588,0.17904954064513565,633.1349270878325
cgRNASP,298,C4',10779.806,5402.5039,pdb2a64,A,832.9799194335938,269.5751342773437,4680.28759765625,34.14104664597301,0.23499921666927776,0.1278994467946632,0.3564949275144581,0.014393829248743677,47.47568223303861
RASP,298,C1',2001.721,114.0174,pdb2a64,A,104.4515380859375,9.565946578979492,0.0,487.57589239276473,0.0,0.15910766584538144,0.019042767892014666,0.3218558065671559,613.0159415145941
DFIRE,298,C1',2029.458,-307.263,pdb2a64,A,-347.8524169921875,40.58835983276367,0.0,430.64411580019606,0.0,0.17857677467342292,0.020885729663367526,0.21241399516204157,543.0594049144496
rsRNASP,298,C1',2096.135,-163.4588,pdb2a64,A,-180.5033416748047,16.94869613647461,0.0,475.85876601601973,0.0,0.15773883129561622,0.01872751281032822,0.20884762536204737,597.1953451122095
cgRNASP,298,C1',7495.424,42555.0156,pdb2a64,A,6478.3818359375,207.09996032714844,35678.265625,35.99178912304935,0.039166536111546295,0.14823206731439728,0.31814205809620444,0.03294299206393833,52.25539675318364
RASP,135,C3',4314.976,-111.7524,pdb2il9,A,-119.16862487792967,7.419665813446045,0.0,91.72807720651258,1.1256544502617802,0.2073692812205769,0.1640790832253607,0.145312578837141,93.52056108851544
DFIRE,135,C3',4521.557,-254.3851,pdb2il9,A,-256.8375549316406,2.452674150466919,0.0,90.52285701432788,0.13961605584642234,0.2107923906530857,0.18021383891456152,0.24315445213123466,92.34060870237357
rsRNASP,135,C3',734.248,-24.0043,pdb2il9,A,-48.94530487060547,24.94153213500977,0.0,190.645952314457,0.8289703315881327,0.18841479072156125,0.09735140422045359,0.24940424095157934,190.59166791567247
cgRNASP,135,C3',897.172,566.5242,pdb2il9,A,-131.078369140625,301.1220397949219,392.10687255859375,38.25237948060402,1.1082024432809774,0.21401421937858428,0.2532561549948833,0.053819473643385546,48.99330747010822
RASP,135,C4',719.413,93.5648,pdb2il9,A,92.13211822509766,1.4326670169830322,0.0,208.48919706807123,0.8027923211169284,0.16857292647436445,0.08800396104216514,0.10806864539165985,209.24532981701424
DFIRE,135,C4',4528.919,-232.8015,pdb2il9,A,-235.761962890625,2.9581594467163086,0.0021331310272216,102.90831938031317,0.17452006980802792,0.21085056813318498,0.11751572461462866,0.1110551639217075,110.95352302588425
rsRNASP,135,C4',712.745,-42.703,pdb2il9,A,-51.42252731323242,8.718863487243652,0.0,200.8948088506121,0.8464223385689353,0.17124641573226057,0.09213666899431423,0.1370020131832629,201.49239175298445
cgRNASP,135,C4',4911.425,-1503.0564,pdb2il9,A,-1678.8006591796875,130.22999572753906,143.9510955810547,37.68169514381085,0.14834205933682373,0.18670290165197295,0.24346311774040064,0.020721216851891204,50.385369097049825
RASP,135,C1',1468.529,51.3976,pdb2il9,A,47.145877838134766,4.251762866973877,0.0,202.05914678838008,0.5497382198952879,0.18228208187109474,0.0893737545460809,0.32465590993236915,202.01203498690427
DFIRE,135,C1',4567.462,-192.9994,pdb2il9,A,-209.6096954345703,16.61050033569336,0.0,92.35080876899626,0.13089005235602094,0.21407039073868014,0.19898366862095226,0.20337780216539195,91.64655081927586
rsRNASP,135,C1',725.37,-80.2039,pdb2il9,A,-89.55899047851562,9.39523220062256,0.0,188.7768094843178,0.9075043630017451,0.19125077569973464,0.10067963933508771,0.3331654917651225,188.69622576191864
cgRNASP,135,C1',4924.085,-408.8318,pdb2il9,A,-798.426025390625,55.68988800048828,486.2846984863281,37.303728093442366,1.4659685863874345,0.18695767889240777,0.2739869399845887,0.04759507025216036,48.849720602552
RASP,68,C3',1876.718,-36.551,pdb2qus,A,-40.9649772644043,4.414524078369141,0.0,57.76147680471967,0.2244475138121547,0.17532248370243655,0.13677013030438637,0.12104550653376048,76.04230777495899
DFIRE,68,C3',2418.504,-169.8661,pdb2qus,A,-171.32168579101562,1.4556268453598022,0.0,30.34453519208749,0.1899171270718232,0.17187918997642054,0.21724471440211918,0.10741723110591493,42.97217397921109
rsRNASP,68,C3',400.7,-6.9064,pdb2qus,A,-14.541714668273926,7.634960651397705,0.0,108.53867567373759,0.48342541436464087,0.13965509269961626,0.09745000923373301,0.19611613513818404,119.28534936725575
cgRNASP,68,C3',2812.621,-1459.4585,pdb2qus,A,-1573.6192626953125,76.71835327148438,42.26687240600586,22.49902808043705,1.8646408839779007,0.1600836839428545,0.32299166783698835,0.06280742930213278,31.465825430453577
RASP,68,C4',406.504,46.8032,pdb2qus,A,46.0977668762207,0.7054463028907776,0.0,116.70845109048604,0.3970994475138122,0.12529936659115076,0.09044645575126191,0.10127393670836667,127.56820141739021
DFIRE,68,C4',580.63,-112.3719,pdb2qus,A,-114.2167739868164,1.8450565338134768,0.0,84.63666044558589,2.6933701657458564,0.1629155300753618,0.15295141150086247,0.2471557663714904,96.87963743911095
rsRNASP,68,C4',404.698,-32.6568,pdb2qus,A,-39.03272247314453,6.376430511474609,0.0,112.74231295600036,0.5524861878453038,0.13048337879698552,0.09175124342291732,0.15191090506255,123.40954411485893
cgRNASP,68,C4',2602.26,-1449.2939,pdb2qus,A,-1495.2568359375,32.612308502197266,12.604445457458496,20.824279834451794,0.9668508287292817,0.1678799297239817,0.33366955371235923,0.06537204504606134,29.238160573400986
RASP,68,C1',375.387,25.7698,pdb2qus,A,23.669565200805664,2.100258111953736,0.0,NA,NA,NA,NA,NA,NA
DFIRE,68,C1',391.437,-76.0715,pdb2qus,A,-84.17829895019531,8.107276916503906,0.0,86.7147277714763,0.9841160220994474,0.16478570437838086,0.12131845381329877,0.446622991493855,95.05430571471902
rsRNASP,68,C1',390.964,-45.2071,pdb2qus,A,-48.08860397338867,2.8815388679504395,0.0,106.13465524592283,0.3280386740331492,0.14715428360072125,0.0984855296812008,0.3020792700095994,116.93485781993019
cgRNASP,68,C1',2953.273,-1453.8379,pdb2qus,A,-1484.4117431640625,21.25887107849121,43.32770538330078,21.703944434274835,0.3280386740331492,0.15691432798557492,0.296314500622813,0.09805806756909202,31.72683280599978
RASP,77,C3',2853.706,-50.1782,pdb3d2v,A,-55.21216583251953,5.033906936645508,0.0,60.03389619065513,0.3329297820823245,0.16823151932315195,0.12397918747144812,0.09317455424271592,84.01846923966633
DFIRE,77,C3',2866.531,-179.7295,pdb3d2v,A,-181.26443481445312,1.5349098443984983,0.0,36.724926822206534,0.6809927360774818,0.17036369828636982,0.21778837697467332,0.21538744758532144,49.033837175038784
rsRNASP,77,C3',420.794,-13.6326,pdb3d2v,A,-25.768224716186523,12.136280059814451,0.0,121.52688826773206,0.16646489104116224,0.13104431060443106,0.08717906449050405,0.13537948868448252,172.20389548718845
cgRNASP,77,C3',2695.066,-1577.076,pdb3d2v,A,-1639.179443359375,74.85295104980469,38.32544708251953,22.79092744348308,1.2560532687651333,0.15166433641643362,0.31206293100829646,0.026216125254653815,32.15529037192278
RASP,77,C4',397.388,53.0846,pdb3d2v,A,52.281471252441406,0.8031460046768188,0.0,131.03881034561252,0.03026634382566586,0.11567989531798953,0.07775042593544557,0.13622298275594993,186.2176283148688
DFIRE,77,C4',732.622,-123.4286,pdb3d2v,A,-125.35836791992188,1.929596185684204,0.0,88.59525048326591,1.1198547215496366,0.15451351545135156,0.12622499807989987,0.24974213505257492,123.20997167615387
rsRNASP,77,C4',415.542,-40.0253,pdb3d2v,A,-47.54657745361328,7.5212321281433105,0.0,126.93848480520673,0.04539951573849879,0.12269215601921561,0.08324029236970333,0.09184151623839404,180.2107157247059
cgRNASP,77,C4',2940.24,-1579.4335,pdb3d2v,A,-1637.5855712890625,51.955841064453125,37.697532653808594,22.674886957079142,1.6192493946731235,0.16599627159962715,0.34487291498153194,0.07675295564533362,31.33092483407901
RASP,77,C1',387.17,29.2123,pdb3d2v,A,26.823076248168945,2.3892757892608643,0.0,127.34477950358989,0.09079903147699758,0.13109181185918117,0.08095731084059966,0.1356813385323143,180.8968762141121
DFIRE,77,C1',393.253,-85.0643,pdb3d2v,A,-94.00917053222656,8.944751739501953,0.0,97.0663563770518,0.211864406779661,0.16453717645371763,0.10761923894180625,0.3012838174333655,137.20405600294504
rsRNASP,77,C1',416.613,-52.5196,pdb3d2v,A,-55.73902130126953,3.2199511528015137,0.0,119.38009237122581,0.09079903147699758,0.13882017638201763,0.08923093566227468,0.18995387394524,169.28070635296024
cgRNASP,77,C1',2344.671,-1621.1562,pdb3d2v,A,-1667.6385498046875,19.014047622680664,62.92487716674805,20.596430234941998,1.0744552058111378,0.15669588441958845,0.3701511873304404,0.08793155726408237,28.746838135955823
RASP,173,C3',4183.23,-67.9562,pdb3dil,A,-79.19155883789062,11.238975524902344,0.0,167.73523334574713,0.0,0.15498186875727182,0.059025170620591656,0.1629077798130528,224.36655271882415
DFIRE,173,C3',5579.256,-317.356,pdb3dil,A,-320.8398742675781,3.485132932662964,0.0,153.28583471453067,0.0,0.15931615930234577,0.08519172834603261,0.23038639162770916,199.5795110197313
rsRNASP,173,C3',893.252,-43.7147,pdb3dil,A,-67.431640625,23.76875114440918,0.0,271.71423931169653,0.0,0.13106117893334301,0.03352398829225049,0.15113398071880554,363.9941813190288
cgRNASP,173,C3',5258.898,-980.0192,pdb3dil,A,-1875.1334228515625,462.8372192382813,754.4338989257812,29.59957244436882,0.5033557046979865,0.1638150281717045,0.3456044697498899,0.029724376729896005,41.46545880605448
RASP,173,C4',1459.085,120.0864,pdb3dil,A,118.24134063720705,1.8450733423233032,0.0,292.96020478021904,0.0,0.1241271823401538,0.033181966988295654,0.23296213594470583,392.94383042210063
DFIRE,173,C4',1275.803,-272.1588,pdb3dil,A,-277.2404479980469,5.079980850219727,0.0,227.91528342398388,0.0,0.1514412640878256,0.0419978560013164,0.20977083400170923,305.3775047580157
rsRNASP,173,C4',948.703,-42.063,pdb3dil,A,-59.43312072753906,17.369749069213867,0.0,284.1917293800653,0.0,0.11909590061837247,0.030881411335388388,0.12035026229324394,380.5069662613798
cgRNASP,173,C4',4322.676,-2396.5085,pdb3dil,A,-3037.10205078125,160.25062561035156,456.1509094238281,28.060153831399603,0.8053691275167785,0.17418227858492635,0.3725624248825106,0.028355248200333437,38.61293352405134
RASP,173,C1',2640.067,65.9327,pdb3dil,A,60.46116638183594,5.471584320068359,0.0,284.7271279238072,0.0,0.13257395763114566,0.032786523592307874,0.2864909281745203,381.5555428937291
DFIRE,173,C1',857.89,-186.6742,pdb3dil,A,-209.18218994140625,22.507169723510746,0.0,231.29538329274177,0.0,0.16673797078478209,0.03959409879048427,0.38699211749343493,309.48618990035476
rsRNASP,173,C1',910.738,-101.1214,pdb3dil,A,-110.05842590332033,8.98461627960205,0.0,265.675322925272,0.0,0.1390959164052621,0.03345480269535143,0.2036987486133568,355.5001645061146
cgRNASP,173,C1',4620.145,174.0546,pdb3dil,A,-913.9750366210938,90.76879119873048,1355.0865478515625,30.38375113727744,0.5570469798657718,0.1801911634464043,0.34348735249586904,0.07489621193121476,41.398328642884216
RASP,71,C3',2027.389,-62.1042,pdb3la5,A,-66.32760620117188,4.223480224609375,0.0,54.92983533669389,0.5666666666666667,0.16330394886935515,0.12036739517055421,0.11962972091091584,72.50218891128986
DFIRE,71,C3',2680.699,-154.2798,pdb3la5,A,-155.59524536132812,1.3156880140304563,0.0,38.85025950523831,0.21666666666666665,0.16527817385761256,0.14900863058512398,0.1647172818672541,53.597139631788
rsRNASP,71,C3',395.124,-8.3316,pdb3la5,A,-21.6709041595459,13.340373992919922,0.0,114.11314948168162,0.0,0.1436025884050191,0.07580310590599597,0.21566554640687682,142.74196516625594
cgRNASP,71,C3',2258.912,-1239.2904,pdb3la5,A,-1354.822998046875,86.08805084228516,33.528656005859375,25.51146985421662,1.7000000000000002,0.14911532074079045,0.29759751242247423,0.0,34.553129040427216
RASP,71,C4',405.288,48.897,pdb3la5,A,48.15900802612305,0.7380111217498779,0.0,124.61303826198588,0.0,0.12273850063745555,0.06909216126255095,0.09644856443408242,156.426281880227
DFIRE,71,C4',2633.617,-122.766,pdb3la5,A,-124.4090576171875,1.5822736024856567,0.0607595443725585,64.00926746038478,0.31666666666666665,0.17271480574380998,0.11728462130608518,0.21700926997668546,86.96451429647597
rsRNASP,71,C4',409.162,-8.9691,pdb3la5,A,-12.447101593017578,3.4775686264038086,0.0,120.34646205329209,0.0,0.1329608551969402,0.07079525634686287,0.16302782918784448,151.7407570795285
cgRNASP,71,C4',2525.304,-1293.3505,pdb3la5,A,-1339.125244140625,39.47443771362305,21.76582145690918,22.477861272903024,0.6833333333333333,0.15814034925853854,0.3004973843920991,0.07624928516630233,30.53566284851205
RASP,71,C1',442.419,26.8295,pdb3la5,A,24.795629501342773,2.02096962928772,0.0132625102996826,113.53789261956037,0.0,0.15127512078105082,0.0648266912980076,0.2541642838876745,142.37235243384745
DFIRE,71,C1',387.929,-73.302,pdb3la5,A,-82.55429077148438,9.25212574005127,0.0,94.69955971223332,0.8,0.18138441085687446,0.10177885452263111,0.29589068858212364,118.16920520877494
rsRNASP,71,C1',410.133,-45.5567,pdb3la5,A,-49.80511474609375,4.247730255126953,0.0,113.38452606068267,0.1,0.15305538314433337,0.07962711890788977,0.33999275762786196,142.05773767890545
cgRNASP,71,C1',2750.748,-1117.7704,pdb3la5,A,-1156.333251953125,22.26139640808105,50.53644180297852,24.836067727097884,0.48333333333333334,0.16202169865127827,0.2863199103150102,0.053916386601719206,34.98044819734028
RASP,86,C3',2688.215,-56.1859,pdb3oxe,A,-61.31486129760742,5.129297256469727,0.0,76.72259978032108,0.0,0.16288139340637742,0.10134294308977149,0.17768557889838332,101.86324177074582
DFIRE,86,C3',646.487,-144.7844,pdb3oxe,A,-146.61927795410156,1.8348047733306885,0.0,97.09353148748653,0.31047516198704106,0.1635104687971587,0.08821482567698694,0.22156669801466386,106.99700255540549
rsRNASP,86,C3',441.21,-33.1738,pdb3oxe,A,-46.46636962890625,13.29183578491211,0.0,137.15510194322246,0.17548596112311016,0.13632511177713358,0.07399306966627625,0.22528508681446094,141.96647908007247
cgRNASP,86,C3',2668.549,-1516.8856,pdb3oxe,A,-1555.137451171875,101.09751892089844,43.884254455566406,26.13521861661946,0.45896328293736505,0.15123077678966246,0.29683317942708404,0.08448190755542286,35.606271456166404
RASP,86,C4',436.477,59.366,pdb3oxe,A,58.46519088745117,0.900827407836914,0.0,NA,NA,NA,NA,NA,NA
DFIRE,86,C4',2847.025,-136.4778,pdb3oxe,A,-138.6475067138672,2.169780969619751,0.0,89.83823097546515,0.08099352051835854,0.15331190207129872,0.09953957260477941,0.34589288548005576,93.71219511579261
rsRNASP,86,C4',432.167,-46.9409,pdb3oxe,A,-53.60272979736328,6.66173791885376,0.0,142.56131799043447,0.06749460043196544,0.12349267570242364,0.07021190442227379,0.2534457226662686,147.3811974566771
cgRNASP,86,C4',2664.639,-1785.5795,pdb3oxe,A,-1875.0579833984373,64.10944366455078,26.89946746826172,22.330632868081313,0.8774298056155507,0.16645405029795537,0.33596294279237304,0.03384487217112063,31.296465426582866
RASP,86,C1',439.953,32.6549,pdb3oxe,A,29.9765739440918,2.678300380706787,0.0,NA,NA,NA,NA,NA,NA
DFIRE,86,C1',420.08,-91.3847,pdb3oxe,A,-102.44694519042967,11.0623779296875,0.0,111.35587118657142,0.31047516198704106,0.16733405394782097,0.08550026096089691,0.3760111551630739,115.59438355598775
rsRNASP,86,C1',434.331,-55.5322,pdb3oxe,A,-59.6135368347168,4.081580638885498,0.0,133.52027766723006,0.0,0.1424702220100933,0.07451577452829998,0.38965055355973716,137.06802532158827
cgRNASP,86,C1',3129.254,-1499.5687,pdb3oxe,A,-1575.713623046875,27.29792022705078,88.45824432373047,25.727017153895712,0.7289416846652267,0.15053677590527195,0.2767128445781829,0.056321271703615235,36.66999444539139
RASP,94,C3',2283.611,-66.8342,pdb4aob,A,-72.01648712158203,5.186011791229248,0.0,75.92152046111656,0.0,0.16338636550233082,0.10350997276156365,0.2020475485519274,101.25859300872405
DFIRE,94,C3',3042.053,-194.6645,pdb4aob,A,-196.3525390625,1.6880120038986206,0.0,59.886839625714835,0.42079207920792083,0.16495467634868652,0.143233728771287,0.17391961901349123,76.55235019111214
rsRNASP,94,C3',481.133,-31.958,pdb4aob,A,-49.5133056640625,17.55604362487793,0.0,150.28511488690424,0.0,0.12872996469590126,0.0592859232378895,0.2073221072156823,190.52319861010002
cgRNASP,94,C3',3312.162,-1540.6208,pdb4aob,A,-1708.5078125,128.56362915039062,76.92040252685547,21.778034243318558,2.0792079207920793,0.18881611156216835,0.3729383209649076,0.048911598804451846,30.178302635723384
RASP,94,C4',451.606,64.9495,pdb4aob,A,63.96182632446289,0.987671971321106,0.0,160.86031852307184,0.0,0.11775330918910043,0.05420014949996815,0.17699808135119716,204.05673471692958
DFIRE,94,C4',3068.74,-152.2351,pdb4aob,A,-154.7169952392578,2.481861591339112,0.0,102.3863286817618,0.0,0.16075832352663924,0.0784625308762773,0.2523444328700751,128.95302069413415
rsRNASP,94,C4',459.322,-44.4716,pdb4aob,A,-50.99498748779297,6.523468971252441,0.0,156.72209412534383,0.0,0.12008639013309737,0.05385820723213944,0.23693955110363696,199.01510157761513
cgRNASP,94,C4',3295.544,-1777.7545,pdb4aob,A,-1838.2547607421875,65.67671966552734,52.13413619995117,21.6386013215321,1.0519801980198018,0.15634227034851014,0.3561521700527263,0.08471737420873575,30.538695616744278
RASP,94,C1',452.127,35.7149,pdb4aob,A,32.77968215942383,2.935218572616577,0.0,156.3409909554844,0.0,0.13198669938605534,0.05632278424444536,0.1873171623163388,198.43995497875707
DFIRE,94,C1',438.415,-101.4795,pdb4aob,A,-112.85440063476562,11.374955177307127,0.0,121.08222890059659,0.0,0.1700374326835068,0.07192306853282214,0.41967438686113795,153.55807166437435
rsRNASP,94,C1',459.325,-59.4813,pdb4aob,A,-63.36976623535156,3.888592481613159,0.0,146.232833405434,0.0,0.14370303809862645,0.05867135975725257,0.2861316917596507,184.90550648208452
cgRNASP,94,C1',887.434,-820.0052,pdb4aob,A,-1002.4611206054688,36.25535202026367,178.41796875,20.721746227041056,1.2252475247524752,0.1566509151394071,0.3850003990264168,0.08377078165833911,28.4067578635893
RASP,52,C3',1785.646,-23.801,pdb4enc,A,-26.99986267089844,3.1989691257476807,0.0,40.032886547584646,1.599099099099099,0.19091803257260867,0.21189396190823503,0.19069251784911845,55.534813871055114
DFIRE,52,C3',2077.919,-138.5148,pdb4enc,A,-139.59378051757812,1.07897686958313,0.0,18.80260127791672,3.671171171171171,0.20377323347188456,0.38133957144319014,0.18090680674665816,25.482476689499144
rsRNASP,52,C3',336.656,-9.4808,pdb4enc,A,-13.62290382385254,4.142184734344482,0.0,79.78515023237765,0.0,0.16014920398400126,0.07762505970903062,0.11009637651263605,113.11331372285281
cgRNASP,52,C3',2146.915,-1196.3575,pdb4enc,A,-1288.889892578125,68.75823211669922,29.43769836425781,16.2072952810095,3.040540540540541,0.20065746477400465,0.3918456292780512,0.03739787960033829,22.60339302485332
RASP,52,C4',305.425,35.6363,pdb4enc,A,35.1044921875,0.5317757725715637,0.0,85.74857630476252,0.0,0.14255254489843933,0.07111604845511789,0.09534625892455922,121.77221818360907
DFIRE,52,C4',671.917,-84.5444,pdb4enc,A,-85.992919921875,1.4484845399856567,0.0,64.10435250305561,0.0,0.18532533396073508,0.09898703179486948,0.2845904698636096,89.67634660549835
rsRNASP,52,C4',318.072,-15.3892,pdb4enc,A,-20.13126945495605,4.742297172546387,0.0,83.26609318143616,0.0,0.14846057825530024,0.07374580187532637,0.06741998624632421,118.15528192719178
cgRNASP,52,C4',2410.834,-992.7646,pdb4enc,A,-1021.74267578125,32.04316711425781,8.487187385559082,19.023063054430988,3.1306306306306304,0.19274141897367528,0.35269079230212547,0.040655781409087086,25.757561084812604
RASP,52,C1',305.126,19.6498,pdb4enc,A,18.063343048095703,1.5864357948303225,0.0,83.06926399135943,0.0,0.1620689880532246,0.07463114275405493,0.13483997249264842,117.84046641077164
DFIRE,52,C1',303.358,-57.3972,pdb4enc,A,-63.99718475341797,6.5999016761779785,0.0,61.414982112819324,0.0,0.1992409092097352,0.10593421686228939,0.3655090121250966,87.06600009603214
rsRNASP,52,C1',311.548,-28.5117,pdb4enc,A,-30.78775978088379,2.276933431625366,0.0,78.17424197636026,0.0,0.16999973858259482,0.07974704715406315,0.15289415743128765,111.0933469092372
cgRNASP,52,C1',2253.109,-1154.733,pdb4enc,A,-1209.831298828125,16.196327209472656,46.76948928833008,18.039638872995695,1.8243243243243243,0.19293911588633572,0.3412859742736449,0.1019294382875251,25.47113896971286
RASP,89,C3',2495.145,-68.4067,pdb4lvw,A,-74.63324737548828,6.227803707122803,0.0,72.7208671200772,0.1701570680628272,0.1712252137230255,0.10774809859523057,0.08899883189799696,91.5085592294661
DFIRE,89,C3',2868.531,-191.2563,pdb4lvw,A,-192.98709106445312,1.730754017829895,0.0,62.484723197117155,0.0,0.1697197743979888,0.11075166930651432,0.14297116406043084,74.85964428872528
rsRNASP,89,C3',430.433,-12.4716,pdb4lvw,A,-28.14001846313477,15.66837215423584,0.0,145.23155045590363,0.14397905759162302,0.14281518799070742,0.05356080910361485,0.18804435361115038,181.19440369774298
cgRNASP,89,C3',3096.37,-1853.95,pdb4lvw,A,-2022.687255859375,120.96603393554688,49.24752807617188,23.624624783398584,1.112565445026178,0.20661620017242627,0.33085118868430025,0.060003000225018754,33.06521575977137
RASP,89,C4',419.53,61.4598,pdb4lvw,A,60.52645492553711,0.9333739876747132,0.0,NA,NA,NA,NA,NA,NA
DFIRE,89,C4',2687.046,-144.4158,pdb4lvw,A,-146.6302947998047,2.2144603729248047,0.0,95.20499986445184,0.1701570680628272,0.16897281324654984,0.07370961939689413,0.23335690592856784,127.84486175029495
rsRNASP,89,C4',426.293,-43.3479,pdb4lvw,A,-51.15667724609375,7.808636665344238,0.0,150.79389613471514,0.13089005235602094,0.13630148931549402,0.051374561421933515,0.0995037190209989,189.13743907898228
cgRNASP,89,C4',3114.434,-1759.6317,pdb4lvw,A,-1788.5406494140625,52.19174957275391,65.58966064453125,24.705130544179216,1.5052356020942408,0.15481263450236593,0.33624284586811687,0.0,34.00381533660847
RASP,89,C1',420.387,33.8024,pdb4lvw,A,31.027774810791016,2.7746078968048096,0.0,152.52172757826438,0.17015706806282724,0.1443740992043383,0.05094374699510618,0.22979399584857044,191.963467651432
DFIRE,89,C1',418.722,-92.4652,pdb4lvw,A,-103.76551818847656,11.300577163696287,0.0,120.15083718017779,0.0,0.1838108510092202,0.05967376894105511,0.4400510719109065,151.27575059370722
rsRNASP,89,C1',432.856,-57.6587,pdb4lvw,A,-61.66286849975586,4.004541873931885,0.0,143.14812074474895,0.06544502617801047,0.15509562418969525,0.052129088257548674,0.30489226938312647,179.23329623931866
cgRNASP,89,C1',3161.104,-1553.2585,pdb4lvw,A,-1678.282958984375,26.91828155517578,107.32067108154295,24.532819985925034,0.8115183246073299,0.1581575067950431,0.3071328799253413,0.043426983270794736,34.725500076508766
RASP,97,C3',2725.944,-45.6275,pdb4oqu,A,-51.9819450378418,6.356163501739502,0.0,82.11344344814107,0.0,0.17315938669245134,0.06393015974110239,0.197766378130072,120.3058862157084
DFIRE,97,C3',3151.166,-209.9973,pdb4oqu,A,-211.6726837158203,1.675276517868042,0.0,61.00067807453521,0.059637404580152674,0.17429747698294967,0.1048142297230668,0.23647328718619165,85.82345028673817
rsRNASP,97,C3',463.882,-43.3208,pdb4oqu,A,-59.0511360168457,15.73004913330078,0.0,154.10833607879812,0.40553435114503816,0.1355881434414169,0.04813297244359198,0.24833800254215202,225.12817149365335
cgRNASP,97,C3',3050.97,-1696.2413,pdb4oqu,A,-1872.909423828125,134.474853515625,102.69401550292967,22.26730125165657,1.3478053435114503,0.15616610713063114,0.37040033249784027,0.05119796850491379,30.398650800278723
RASP,97,C4',458.5,67.0433,pdb4oqu,A,66.0230941772461,1.020199418067932,0.0,165.98087435327778,0.19083969465648853,0.13038265658500844,0.04568214250424018,0.23559411528296567,240.6195401347028
DFIRE,97,C4',2961.981,-156.5448,pdb4oqu,A,-158.88397216796875,2.3392906188964844,0.0,96.88934794461356,0.22662213740458015,0.16595548535497007,0.06361376264534681,0.27091418459143857,141.76581561901503
rsRNASP,97,C4',463.633,-40.7641,pdb4oqu,A,-50.053592681884766,9.289337158203123,0.0,162.24925929058367,0.34589694656488545,0.12531004702505,0.04713003818248937,0.06772854614785964,236.59581243255641
cgRNASP,97,C4',3116.69,-1978.5227,pdb4oqu,A,-2115.025390625,79.04387664794922,81.65238952636719,19.718616737261517,1.4432251908396947,0.1625179421886167,0.3998717499217181,0.0494619366829498,28.075146195970863
RASP,97,C1',449.917,36.8624,pdb4oqu,A,33.83090591430664,3.03153133392334,0.0,161.41325571826638,0.33396946564885494,0.1371233641828872,0.04775892217057394,0.10239593700982758,235.27325932857383
DFIRE,97,C1',441.373,-107.0366,pdb4oqu,A,-118.12576293945312,11.089052200317385,0.0,124.8401763072902,0.4651717557251908,0.1779489751181632,0.05757608573646809,0.3547099307792875,183.4332308163597
rsRNASP,97,C1',457.194,-65.3579,pdb4oqu,A,-69.34492492675781,3.985686779022217,0.0,151.0937011899584,0.35782442748091603,0.1461244872587939,0.05074085205792252,0.2541701132768769,220.76697897665062
cgRNASP,97,C1',2546.107,-1674.4355,pdb4oqu,A,-1880.205322265625,36.24903869628906,165.79928588867188,21.76313702734214,2.0873091603053435,0.2504189013074525,0.39270436585706225,0.09986029331567647,29.613306161339697
RASP,68,C3',1892.54,-35.1847,pdb4pqv,A,-39.64393997192383,4.459907531738281,0.0,54.3880828072007,0.0,0.19009912783066107,0.08685164121002427,0.08635104937551057,75.89705523850252
DFIRE,68,C3',2227.344,-150.5605,pdb4pqv,A,-151.80116271972656,1.2406635284423828,0.0,38.05934069432268,0.4101161995898838,0.19771116318414733,0.13810245114993427,0.05445327701173301,55.36972145306647
rsRNASP,68,C3',366.154,-17.2232,pdb4pqv,A,-26.4194450378418,9.195805549621582,0.0,101.72554570283155,0.0,0.1594273532528902,0.05141474342971387,0.1977969430323089,136.35527268349912
cgRNASP,68,C3',2034.366,-1274.1897,pdb4pqv,A,-1371.3118896484375,65.8314437866211,33.9903564453125,20.060059336462853,1.6404647983595353,0.19879651326728054,0.3437370638056733,0.09874620280149499,28.22893425939045
RASP,68,C4',369.141,46.8032,pdb4pqv,A,46.0977668762207,0.7054502367973328,0.0,110.49027320486759,0.017088174982911826,0.14137991385261603,0.04920029529374691,0.2242806520081283,147.7258088852322
DFIRE,68,C4',579.344,-108.1344,pdb4pqv,A,-109.9596939086914,1.825048327445984,0.0,77.23333730328105,0.05126452494873548,0.1894975060040643,0.0698216611872497,0.23883520159542387,103.42510620998041
rsRNASP,68,C4',350.301,-31.1159,pdb4pqv,A,-36.91316604614258,5.797705173492432,0.0,106.81677937647866,0.0,0.14766351959707136,0.04810605473157342,0.05933908290969267,143.28656848467833
cgRNASP,68,C4',371.987,-697.9388,pdb4pqv,A,-726.3555908203125,38.67940902709961,54.75400161743164,18.848415395852815,3.2980177717019825,0.19483553239277762,0.38973061993516084,0.03064257065179478,25.328739412007494
RASP,68,C1',362.727,25.7698,pdb4pqv,A,23.66956329345703,2.100260019302368,0.0,107.22929240765501,0.0,0.16018940756657948,0.049245604916331245,0.10277830647412975,143.70675666773874
DFIRE,68,C1',351.884,-76.2651,pdb4pqv,A,-84.29149627685547,8.026244163513184,0.0,79.50251212232104,0.11961722488038277,0.2010510758699816,0.06800811488650127,0.3305474707033635,108.56930007405184
rsRNASP,68,C1',358.69,-46.0808,pdb4pqv,A,-50.05118179321289,3.971254587173462,0.0,100.0231791078386,0.08544087491455912,0.17333393292949723,0.057720273783342047,0.2304078065368216,133.4476664411436
cgRNASP,68,C1',2004.231,-1526.046,pdb4pqv,A,-1563.364501953125,15.966203689575195,31.463064193725582,21.51092451738583,1.1449077238550922,0.19277786420605364,0.3185587394103825,0.06343614796955512,30.099786554824032
RASP,92,C3',2044.011,-47.2783,pdb4rum,A,-53.622108459472656,6.343817710876465,0.0,86.73894930700533,0.0,0.1699815248691775,0.0981099745112209,0.17954621161490195,120.39224329383556
DFIRE,92,C3',2915.607,-187.9548,pdb4rum,A,-189.7310485839844,1.7764897346496582,0.0,64.17680637835778,0.27834008097165996,0.17050017030148523,0.1566278718296519,0.1964598972515006,82.40747559776605
rsRNASP,92,C3',437.112,-41.8749,pdb4rum,A,-60.64365005493164,18.77220344543457,0.0,144.63231022375894,0.0,0.146995124904958,0.05085022372014623,0.17954621161490195,197.270996385072
cgRNASP,92,C3',2581.597,-1549.3756,pdb4rum,A,-1613.8414306640625,148.859375,48.81523513793945,20.721843848552336,2.28997975708502,0.21401994075572575,0.3901512007964301,0.019051939705278707,29.299135025588022
RASP,92,C4',437.502,63.5536,pdb4rum,A,62.587677001953125,0.9659417271614076,0.0,NA,NA,NA,NA,NA,NA
DFIRE,92,C4',2855.996,-147.2433,pdb4rum,A,-149.68218994140625,2.4388835430145264,0.0,98.71641878778578,0.0,0.1667234338284118,0.07823362804629935,0.2622440272428743,134.4265883798134
rsRNASP,92,C4',441.217,-46.7094,pdb4rum,A,-54.402305603027344,7.693176746368408,0.0,151.90427249267893,0.0,0.1318081889211143,0.04859020189313389,0.13679711361135385,207.88385465344325
cgRNASP,92,C4',3019.056,-1682.739,pdb4rum,A,-1628.4483642578125,70.20170593261719,63.89441680908203,24.80041654086668,0.5060728744939271,0.16542036943380778,0.3039154138226345,0.02488363008967197,34.51984893708412
RASP,92,C1',427.165,34.9499,pdb4rum,A,32.07892227172852,2.870974540710449,0.0,152.1393825015989,0.0,0.14210798834380947,0.04655516190753928,0.27811065739636276,207.92715894562303
DFIRE,92,C1',402.136,-100.6976,pdb4rum,A,-111.48374938964844,10.786179542541504,0.0,117.87927493943066,0.0,0.173256818080169,0.06428601979451845,0.4107200484084535,160.57161204045917
rsRNASP,92,C1',426.888,-66.6505,pdb4rum,A,-70.67290496826172,4.024876117706299,0.0,141.54353271077161,0.0,0.15296341786479783,0.05082465153524629,0.2722550403896021,193.42364666642868
cgRNASP,92,C1',2636.86,-1665.8651,pdb4rum,A,-1832.633056640625,29.003047943115234,138.99664306640625,23.189580484377654,1.9610323886639678,0.21692624741537392,0.36751556754012393,0.12450860349589343,31.860339758201334
RASP,105,C3',2496.166,-44.5061,pdb4wfl,A,-51.70928955078125,7.2032551765441895,0.0,105.57350105168786,0.13368983957219252,0.15429310430176724,0.0765060069831906,0.25218098967715746,139.31816062654542
DFIRE,105,C3',3206.438,-231.0134,pdb4wfl,A,-233.2103881835937,2.1971538066864014,0.0,68.7897937156563,0.3676470588235294,0.15283690576374107,0.11157622614381625,0.16598220107795064,91.12621191031258
rsRNASP,105,C3',498.542,-20.6163,pdb4wfl,A,-35.36833953857422,14.75271701812744,0.0,167.09210817592884,0.022281639928698752,0.13084129498539676,0.05004769697329395,0.16937687147353955,219.4931020934844
cgRNASP,105,C3',2681.755,-1716.032,pdb4wfl,A,-1564.0084228515625,127.69134521484376,143.08351135253906,27.43978968787023,1.3703208556149733,0.1454871596015599,0.29696895461514267,0.02195814375455294,38.43486319352634
RASP,105,C4',478.921,72.6268,pdb4wfl,A,71.51971435546875,1.1070590019226074,0.0,181.3689084473099,0.0,0.10947271587215154,0.045546813574638724,0.18107149208503706,238.63821223987276
DFIRE,105,C4',3204.875,-183.2567,pdb4wfl,A,-185.7320251464844,2.4753851890563965,0.0,100.84718377099543,0.14483065953654187,0.1485790032396636,0.07460077328089258,0.25218098967715746,134.86435646230416
rsRNASP,105,C4',492.692,-26.7324,pdb4wfl,A,-35.801734924316406,9.069211959838867,0.0,176.03190219965202,0.0,0.12193840788959842,0.04681153852576458,0.20088078438073018,231.71333916157937
cgRNASP,105,C4',3212.923,-2087.5408,pdb4wfl,A,-2211.986328125,77.76296997070312,89.77484893798828,24.639603927228713,2.406417112299465,0.1834686401663284,0.3791955754063709,0.06984984452838906,32.514230065238586
RASP,105,C1',465.693,39.9224,pdb4wfl,A,36.63404846191406,3.2883989810943604,0.0,176.2309186310893,0.0,0.12920702495476022,0.04784971230116715,0.31610431187743987,232.00423091010157
DFIRE,105,C1',467.064,-115.5163,pdb4wfl,A,-127.71331024169922,12.197333335876465,0.0,138.13122445702209,0.011140819964349376,0.15625120318576086,0.06114202338125274,0.37718916045330103,181.18021014390206
rsRNASP,105,C1',471.611,-67.5886,pdb4wfl,A,-73.83354187011719,6.24495267868042,0.0,165.36867004444284,0.1448306595365419,0.13657120934607198,0.05243675092581812,0.307821536544563,216.94586116481625
cgRNASP,105,C1',3488.092,-1843.6659,pdb4wfl,A,-2112.8408203125,38.18757629394531,223.20437622070312,25.800696647068804,0.7909982174688057,0.15190048347441545,0.34036938360931895,0.05663402411182763,35.45322584896015
RASP,73,C3',1792.366,-52.8432,pdb4znp,A,-57.26616287231445,4.423251628875732,0.0,50.33900612873419,0.0,0.17678030207624948,0.14028310308768574,0.2220265178934429,73.24876731567487
DFIRE,73,C3',2450.512,-150.4355,pdb4znp,A,-151.8158416748047,1.3803280591964722,0.0,51.45304592155616,0.9229789942711649,0.17591030064898538,0.14966848588636839,0.21667569500871975,74.15068260468291
rsRNASP,73,C3',374.036,-29.2304,pdb4znp,A,-40.40006256103516,11.170543670654297,0.0,115.62745011476447,0.4137492043284532,0.15319581223920947,0.08331883627094265,0.15011732500816033,168.18488222467178
cgRNASP,73,C3',2764.21,-1427.6646,pdb4znp,A,-1534.2271728515625,73.71185302734375,33.414939880371094,18.62662232081621,2.546148949713558,0.16327691442292352,0.4022952100579156,0.0,26.037087866644374
RASP,73,C4',351.527,50.2929,pdb4znp,A,49.53317642211914,0.7597142457962036,0.0,NA,NA,NA,NA,NA,NA
DFIRE,73,C4',403.871,-111.3468,pdb4znp,A,-113.38609313964844,2.039294481277466,0.0,99.18428692864516,1.639083386378103,0.17361828241358757,0.1077454928100473,0.2589769896218353,143.89198194235684
rsRNASP,73,C4',372.963,-35.4833,pdb4znp,A,-43.81925964355469,8.335965156555176,0.0,122.15504831410836,0.2546148949713558,0.13847715118085113,0.0796318756006779,0.09690031662230185,178.03701704094198
cgRNASP,73,C4',2720.414,-1530.979,pdb4znp,A,-1604.200439453125,53.7088623046875,27.904438018798828,19.514539611954174,2.5461489497135585,0.18377704455582702,0.38631395453460393,0.10277830647412975,27.007182473725976
RASP,73,C1',372.943,27.6823,pdb4znp,A,25.421520233154297,2.2608206272125244,0.0,122.13309313144781,0.5092297899427116,0.15237513538019798,0.08197174335036625,0.2055566129482595,177.9811856507677
DFIRE,73,C1',360.677,-79.6618,pdb4znp,A,-88.70376586914062,9.042021751403809,0.0,93.46976555723114,0.46148949713558246,0.19376264597973286,0.096528557090938,0.3164751088516942,135.4639141831027
rsRNASP,73,C1',356.156,-41.6502,pdb4znp,A,-45.600284576416016,3.950716018676758,0.0,114.55096968257673,0.3341820496499045,0.1609974896943136,0.08580401050274901,0.19749240560298997,166.78655200214848
cgRNASP,73,C1',389.503,-640.7191,pdb4znp,A,-772.133544921875,29.58320617675781,139.4235382080078,23.797207014126545,1.6868236791852325,0.17046570788101656,0.32144881999070135,0.03955938860646178,32.140783516085236
RASP,40,C3',1539.909,-13.8353,pdb5nwq,A,-16.672483444213867,2.8372302055358887,0.0,34.16324182215497,0.43554006968641124,0.16596719996681278,0.14576518881962866,0.2123976976214366,51.22251590273508
DFIRE,40,C3',926.53,-108.8114,pdb5nwq,A,-109.51132202148438,0.6999613642692566,0.0,20.93526694694507,2.264808362369338,0.1406878742204461,0.28077631256457597,0.03419927840283847,27.764388716384456
rsRNASP,40,C3',273.139,-17.5818,pdb5nwq,A,-23.88728713989257,6.305686473846436,0.0,63.63132179469789,0.6968641114982579,0.10640305875520278,0.10401623766950803,0.21629522817435004,70.60466928166471
cgRNASP,40,C3',2135.537,-805.4243,pdb5nwq,A,-842.560302734375,42.27796173095703,8.48273754119873,14.032789001775736,3.4552845528455287,0.274437545805274,0.3958524235056775,0.11894651701745161,19.722346977920452
RASP,40,C4',279.174,27.2611,pdb5nwq,A,26.85955810546875,0.4015093445777893,0.0,68.29526107725064,0.7549361207897793,0.08971265400943071,0.09469068302596809,0.23693955110363696,75.8120105604711
DFIRE,40,C4',1071.762,-70.8302,pdb5nwq,A,-71.94774627685547,1.1179876327514648,0.0,40.480457316949,1.5679442508710801,0.14191338136261183,0.15656332817218907,0.11980845957463075,45.62275596771866
rsRNASP,40,C4',277.112,-18.5207,pdb5nwq,A,-23.28001976013184,4.759374618530273,0.0,66.53331569825585,0.6678281068524972,0.09640886651824607,0.0989494836378359,0.21629522817435004,73.40836435216141
cgRNASP,40,C4',1739.465,-929.8724,pdb5nwq,A,-941.64599609375,12.400683403015137,4.000104904174805,13.093376245410811,5.5458768873403015,0.19071587593511902,0.453684766645721,0.07987230638308718,18.336342276827207
RASP,40,C1',282.952,15.0597,pdb5nwq,A,13.85865306854248,1.2010873556137085,0.0,66.48800349609475,0.7259001161440186,0.10225292808053431,0.09944671195259483,0.3278050340535929,73.49151977274967
DFIRE,40,C1',257.547,-46.191,pdb5nwq,A,-50.26319885253906,4.072281360626221,0.0,46.5757270631637,0.9872241579558653,0.13936384252665351,0.13679617018943888,0.3038024971663591,51.93798783414853
rsRNASP,40,C1',284.001,-26.2219,pdb5nwq,A,-28.25110244750977,2.029537916183472,0.0,61.9157406526379,0.9872241579558653,0.11402229074768036,0.10600735207456853,0.10814761408717502,68.17614540264096
cgRNASP,40,C1',1713.679,-879.1802,pdb5nwq,A,-903.6741943359376,11.839587211608888,13.886686325073242,14.973290840598331,5.574912891986063,0.20336850256509534,0.39975029998956646,0.1061988488107183,20.594881451026097
RASP,90,C3',2865.807,-67.2045,pdb5t83,A,-72.53150177001953,5.327201843261719,0.0,58.648805217505966,0.2849740932642487,0.15798179304620097,0.16132230905067924,0.171894017037416,72.45014754381478
DFIRE,90,C3',2827.704,-156.4274,pdb5t83,A,-158.12188720703125,1.694819450378418,0.0,73.04060368073802,0.012953367875647668,0.1494009344567974,0.11117710390710554,0.2730593406363751,92.77571184226201
rsRNASP,90,C3',433.364,-29.3847,pdb5t83,A,-43.1743278503418,13.78989601135254,0.0,140.4561320494413,0.0,0.12426947878551134,0.06083070105727078,0.13518451760896877,177.63007223082602
cgRNASP,90,C3',3096.02,-1558.3032,pdb5t83,A,-1751.9114990234375,148.52438354492188,70.93848419189453,24.14306001066666,0.7253886010362695,0.15069870634801955,0.31855965462899366,0.04836508334066744,33.8556604556793
RASP,90,C4',406.205,62.1578,pdb5t83,A,61.213523864746094,0.9442341327667236,0.0,152.07538247686804,0.0,0.11841081308727802,0.06029398535463724,0.22591299788996203,192.1269655702475
DFIRE,90,C4',2872.789,-147.0091,pdb5t83,A,-149.25802612304688,2.2489571571350098,0.0,95.13738073460966,0.0,0.14408701251537337,0.0968360810004086,0.27359422722270776,117.0936563603812
rsRNASP,90,C4',416.513,-42.2558,pdb5t83,A,-50.59383773803711,8.3381929397583,0.0,148.41638085119519,0.0,0.1130602697168248,0.05829819071225075,0.08377078165833911,187.6081950708821
cgRNASP,90,C4',1113.617,-1355.2462,pdb5t83,A,-1497.5728759765625,71.96024322509766,61.046382904052734,23.176746890830998,1.0880829015544042,0.15635976891878284,0.3341780327389632,0.0,32.80098701591586
RASP,90,C1',412.154,34.1849,pdb5t83,A,31.378158569335938,2.806725263595581,0.0,NA,NA,NA,NA,NA,NA
DFIRE,90,C1',411.112,-94.5777,pdb5t83,A,-106.1357192993164,11.558287620544434,0.0,114.65910641684853,0.0,0.1555006912294729,0.06984006465289434,0.3257918827675008,144.7434046732367
rsRNASP,90,C1',425.12,-54.9249,pdb5t83,A,-59.92481231689453,5.002339839935303,0.0,138.98159543926286,0.0,0.1321705520985605,0.06012290634656849,0.25387913423096475,175.38075842210122
cgRNASP,90,C1',508.642,-660.7903,pdb5t83,A,-847.53271484375,33.96495056152344,175.79931640625,25.5253060543414,1.4119170984455958,0.1488668719501216,0.3059832549947798,0.085947008518708,36.376874370962234
RASP,79,C3',2299.628,-47.5278,pdb6cu1,A,-53.53995895385742,6.012523174285889,0.0,69.37253342924168,0.07409602845287493,0.16882890527582237,0.10189326804928896,0.31686212526223895,87.97416655616988
DFIRE,79,C3',2579.771,-157.9309,pdb6cu1,A,-159.56509399414062,1.6342082023620603,0.0,69.34822878383295,0.02963841138114997,0.16714472955583973,0.09135015749552794,0.18721455088036362,91.35726140202001
rsRNASP,79,C3',363.181,-10.0595,pdb6cu1,A,-21.085838317871094,11.026493072509766,0.0,128.0795934159924,0.0,0.14417480369542612,0.04593385406511762,0.2561166066426108,174.86307898495582
cgRNASP,79,C3',392.084,-805.6539,pdb6cu1,A,-1119.6385498046875,160.833740234375,147.8385009765625,24.7110690245439,0.978067575577949,0.19361746204379854,0.3236174395922076,0.0,32.11111351587796
RASP,79,C4',368.014,54.4805,pdb6cu1,A,53.6556396484375,0.8248499035835266,0.0,138.6099747661558,0.0,0.12121384151418452,0.0425913070752043,0.10976425998969035,189.38202875035466
DFIRE,79,C4',2545.57,-124.1513,pdb6cu1,A,-126.29449462890624,2.14312744140625,0.0,87.66149334770613,0.0,0.16044188946389232,0.06380502299024192,0.2696654394346323,107.18074220785611
rsRNASP,79,C4',380.207,-29.6233,pdb6cu1,A,-35.290645599365234,5.668029308319092,0.0,134.51398697833787,0.0,0.13134180301418652,0.04301326385022009,0.2647613569285981,184.36716468409597
cgRNASP,79,C4',2834.443,-1422.498,pdb6cu1,A,-1467.686279296875,39.0521240234375,28.326175689697266,26.008720391520903,1.3040901007705987,0.15910829319596992,0.30099326425870115,0.027441064997422587,34.53633712196507
RASP,79,C1',370.251,29.9774,pdb6cu1,A,27.523860931396484,2.453495740890503,0.0,134.85720814152975,0.0,0.1383135534812938,0.043589838565614984,0.2240553574741104,184.29460318717113
DFIRE,79,C1',372.085,-85.7511,pdb6cu1,A,-95.24455261230467,9.493242263793944,0.0,104.89896583106916,0.0,0.16859086979558827,0.053335745462073494,0.3436164855716712,142.3148236619687
rsRNASP,79,C1',366.097,-49.0296,pdb6cu1,A,-52.46266174316406,3.4344630241394043,0.0,127.07582113362814,0.0,0.145428722815153,0.044512846634988064,0.2518164825829395,173.72457987291745
cgRNASP,79,C1',2851.606,-1723.9825,pdb6cu1,A,-1778.2939453125,22.780179977416992,74.98983001708984,26.67256351390614,1.1855364552459988,0.16659894109070048,0.2829014895700297,0.07020545658013636,36.304373008807744
RASP,47,C3',632.06,-33.4801,pdb6fz0,A,-36.38317108154297,2.9041547775268555,0.0,46.84705477344813,1.098901098901099,0.18567980663774614,0.18132583013794737,0.27359422722270776,56.465116758951424
DFIRE,47,C3',1298.634,-120.5209,pdb6fz0,A,-121.32811737060548,0.8072159290313721,0.0,23.183224461759792,3.5964035964035967,0.1994676949514848,0.303545889058047,0.0,31.52457052092399
rsRNASP,47,C3',308.172,-14.0415,pdb6fz0,A,-21.254127502441406,7.2128520011901855,0.0,77.0838448847397,1.7232767232767232,0.1633816738967943,0.15466859686071305,0.06622661785325219,90.58731508076974
cgRNASP,47,C3',1869.702,-947.1102,pdb6fz0,A,-990.5209350585938,34.826690673828125,16.22062873840332,18.171320531540015,2.6723276723276723,0.1878436057030688,0.3235626552177959,0.0936585811581694,25.590481611082442
RASP,47,C4',280.075,32.1466,pdb6fz0,A,31.669109344482425,0.4774925708770752,0.0,NA,NA,NA,NA,NA,NA
DFIRE,47,C4',2046.686,-73.9133,pdb6fz0,A,-75.06146240234375,1.1481127738952637,0.0,45.948358194977324,0.8491508491508492,0.18599241360521407,0.18925348135041883,0.17099639201419234,60.815580438478314
rsRNASP,47,C4',300.346,-24.4355,pdb6fz0,A,-28.76472282409668,4.3293538093566895,0.0,79.9901998993345,1.4735264735264737,0.1567331000132727,0.14810702661829517,0.19867985355975656,94.0666605575948
cgRNASP,47,C4',1916.82,-976.045,pdb6fz0,A,-990.267333984375,24.87401962280273,7.349391937255859,18.22864671846801,2.1978021978021975,0.1951331111902816,0.3391990431386141,0.0468292905790847,25.426848561632422
RASP,47,C1',472.475,17.2105,pdb6fz0,A,15.819363594055176,1.391111969947815,0.0,80.3450419358668,0.7992007992007992,0.1673931722446927,0.1338853603653451,0.2503130871608794,95.49620607999671
DFIRE,47,C1',1706.453,-56.7885,pdb6fz0,A,-63.50004577636719,6.711526870727539,0.0,38.237355965821685,3.046953046953047,0.19573038260298567,0.25998948045437636,0.18367958959266126,43.71132939243475
rsRNASP,47,C1',306.889,-21.9091,pdb6fz0,A,-23.43681526184082,1.527828335762024,0.0,76.13793775234561,1.7482517482517483,0.18229002940950464,0.15420146512033026,0.2795530723408051,89.60760284405399
cgRNASP,47,C1',2263.753,-826.0624,pdb6fz0,A,-845.5896606445312,12.69384479522705,18.442188262939453,17.075475025101632,4.1208791208791204,0.20967370119663853,0.36476039444870034,0.09933992677987828,23.734773387780894
RASP,126,C3',3517.031,-68.6959,pdb6n5p,A,-76.59471130371094,7.898974895477295,0.0,114.41216928891534,0.01858045336306206,0.15475517615872386,0.0676317252505113,0.1270001270001905,154.61426852051585
DFIRE,126,C3',973.527,-215.1177,pdb6n5p,A,-217.81236267089844,2.6944191455841064,0.0,143.32677764981275,0.01858045336306206,0.15732019198206298,0.062359660563228926,0.24641644145347896,190.58800008466156
rsRNASP,126,C3',534.482,-21.9088,pdb6n5p,A,-42.02399063110352,20.116226196289062,0.0,201.67899615605413,0.0,0.1275092546097883,0.042942638128421626,0.1440046082211958,269.38154530497087
cgRNASP,126,C3',3171.515,-1471.76,pdb6n5p,A,-1685.27001953125,227.9678497314453,166.45460510253906,27.797985049705765,0.8268301746562616,0.14472633213831115,0.318416381026855,0.04016096644512494,39.285993915267085
RASP,126,C4',567.21,87.2834,pdb6n5p,A,85.9484634399414,1.3349192142486572,0.0,218.02847886535216,0.0,0.11956780680345194,0.04283012486218477,0.210605884793558,291.33201682977415
DFIRE,126,C4',827.082,-201.313,pdb6n5p,A,-204.7472076416016,3.3450496196746826,0.0890439748764038,160.5548823518138,0.1300631735414344,0.1494686627818715,0.06005083312649935,0.22062437582319247,212.38826971343954
rsRNASP,126,C4',574.152,-44.7539,pdb6n5p,A,-54.54595565795898,9.801982879638672,0.0,211.8142949209406,0.0,0.11866336575852768,0.04037159714000959,0.12453387034667948,282.1606885113112
cgRNASP,126,C4',2670.858,-1864.9396,pdb6n5p,A,-2035.64404296875,107.12395477294922,150.00473022460938,25.19179342878945,1.291341508732813,0.19454065605549264,0.35611021741861093,0.011691309338623892,35.30171808923117
RASP,126,C1',532.542,47.9554,pdb6n5p,A,43.99382019042969,3.961570501327514,0.0,212.00774288309023,0.0,0.12716067403921386,0.04043128918504956,0.23812523812535719,282.7002268719649
DFIRE,126,C1',552.957,-133.5254,pdb6n5p,A,-149.8768310546875,16.35122299194336,0.0,170.9781965282434,0.0,0.15851949598869597,0.04872910705898124,0.35073928015871675,228.88827861065013
rsRNASP,126,C1',574.504,-74.885,pdb6n5p,A,-81.84193420410156,6.956304550170898,0.0,197.51399271979778,0.0,0.13554178879637524,0.044193466144582985,0.21885688981825285,263.23382232165596
cgRNASP,126,C1',2978.462,-1439.8323,pdb6n5p,A,-1696.71728515625,45.2588005065918,343.9305419921875,25.023458557903908,0.3994797473058343,0.18708733782537107,0.35454635319777394,0.039668175187900966,35.28929548405093
RASP,57,C3',1469.12,-48.7587,pdb6prv,A,-52.13853073120117,3.3800344467163086,0.0,38.61399992325923,0.2880658436213992,0.14777550295415454,0.13550525695503568,0.11852177018919195,53.89084179560476
DFIRE,57,C3',2176.082,-110.0379,pdb6prv,A,-110.94552612304688,0.90739107131958,0.0,36.62181364752553,0.0,0.14311756787076507,0.16680148030160014,0.3278150188248918,47.14375463220144
rsRNASP,57,C3',317.905,-15.857,pdb6prv,A,-25.049076080322266,9.192030906677246,0.0,91.44125513958522,0.12345679012345678,0.11721145576247102,0.07223004893944787,0.23087854826980506,113.07725286083789
cgRNASP,57,C3',2412.677,-1251.0009,pdb6prv,A,-1324.6331787109375,63.600494384765625,17.261404037475586,20.3704457469266,1.8518518518518516,0.15027741941515219,0.3406111359862197,0.20156929930231737,27.9353905103134
RASP,57,C4',320.914,39.1259,pdb6prv,A,38.53989791870117,0.5860437750816345,0.0,99.80973222545033,0.12345679012345678,0.09759928202827013,0.0621558713502093,0.14106912317171966,123.21831933518378
DFIRE,57,C4',2106.853,-87.7557,pdb6prv,A,-89.32017517089844,1.564468264579773,0.0,65.61835354731627,0.3497942386831276,0.13651629459277542,0.09701506568319254,0.3083035200691658,87.60260674937412
rsRNASP,57,C4',328.568,-17.7124,pdb6prv,A,-21.76398658752441,4.051614761352539,0.0,96.57245251208857,0.0,0.10425664684765537,0.0647873126474314,0.18325416653445784,119.17222820897761
cgRNASP,57,C4',2277.576,-996.6407,pdb6prv,A,-1047.4788818359375,41.622840881347656,15.819522857666016,17.414515391321835,2.05761316872428,0.16421616745194825,0.3861132166280849,0.09235141930792203,24.30899915012535
RASP,57,C1',365.414,20.8018,pdb6prv,A,19.14627456665039,1.6543254852294922,0.0013788938522338,95.80419771655923,0.0,0.11649395146211952,0.06490130295984561,0.29468378747350293,117.87402537394216
DFIRE,57,C1',308.733,-59.9119,pdb6prv,A,-67.12933349609375,7.217400074005127,0.0,75.1479957177034,0.30864197530864196,0.14069394585296535,0.08660184413023647,0.36298074055434587,94.03626910230994
rsRNASP,57,C1',314.381,-27.9211,pdb6prv,A,-30.53348159790039,2.612290859222412,0.0,92.08805117797993,0.0411522633744856,0.12012821591504001,0.07160763529682454,0.3174055271363692,113.72305215632039
cgRNASP,57,C1',2354.724,-1262.281,pdb6prv,A,-1316.390869140625,17.11908721923828,46.52788925170898,18.83805623060371,2.1604938271604937,0.1542645931493531,0.358238201093231,0.06776741475716971,25.507153703901142
RASP,119,C3',2671.288,-29.3647,pdb6ues,A,-38.77519989013672,9.411107063293455,0.0,122.93978623648273,0.27472527472527475,0.11310212915890673,0.11834197293968529,0.21254431743795707,164.71985865493468
DFIRE,119,C3',2997.291,-260.0517,pdb6ues,A,-262.3314208984375,2.279513120651245,0.0,79.9633137652077,0.15698587127158556,0.12029261832565874,0.14749701344777358,0.17609018126512477,110.01913034664965
rsRNASP,119,C3',508.773,-27.8797,pdb6ues,A,-44.18724060058594,16.302989959716797,0.0,190.22538482617827,0.06868131868131869,0.07864540574128298,0.07465616028626618,0.18186515719212626,260.38074584501186
cgRNASP,119,C3',2717.029,-1902.3196,pdb6ues,A,-2189.279052734375,155.45753479003906,174.35157775878906,21.388076942719877,1.903453689167975,0.16333097859385604,0.4056420191891846,0.011765520133375292,31.350979451984525
RASP,119,C4',483.598,82.3979,pdb6ues,A,81.13880920410156,1.2590429782867432,0.0,NA,NA,NA,NA,NA,NA
DFIRE,119,C4',3004.998,-194.5971,pdb6ues,A,-197.7954559326172,3.198659420013428,0.0,139.36198844006395,0.10792778649921506,0.09852545288235734,0.10364539002597385,0.26787145847728194,189.86826527454977
rsRNASP,119,C4',516.357,-39.1791,pdb6ues,A,-51.3166389465332,12.137314796447754,0.0,199.81056787532478,0.09811616954474096,0.07184501070046846,0.07133246832399973,0.18186515719212626,274.2921053000055
cgRNASP,119,C4',3046.711,-2287.3965,pdb6ues,A,-2482.117431640625,90.01907348632812,123.52184295654295,21.444888326672253,1.2951334379905808,0.16741026099423234,0.41607436637231116,0.022733144649015782,29.72484410959349
RASP,119,C1',483.678,45.2776,pdb6ues,A,41.53997039794922,3.737614631652832,0.0,199.50503785107605,0.16679748822605966,0.07919778596633129,0.07514892556560465,0.27627300628398826,273.12563684115764
DFIRE,119,C1',517.696,-140.3836,pdb6ues,A,-153.23876953125,12.853978157043455,0.0,155.65556317887743,0.15698587127158556,0.10648094309919585,0.09531794178382001,0.343874833999837,211.91521507096203
rsRNASP,119,C1',506.881,-80.0223,pdb6ues,A,-85.55982971191406,5.551942348480225,0.0,186.53941777987924,0.05886970172684458,0.08502403049242983,0.07621454656566536,0.305420454041261,255.72484115510855
cgRNASP,119,C1',2062.687,-1761.7009,pdb6ues,A,-1975.0478515625,40.37499237060547,231.1671905517578,21.294362815585362,1.9525117739403453,0.17067811289905457,0.44003301405308376,0.052996916729074445,28.84745045802875
RASP,51,C3',1874.171,-23.7047,pdb7d7w,A,-27.20585250854492,3.5024726390838623,0.0,42.652340595715685,0.0,0.19897944735109419,0.09380991048538811,0.0519174131651165,60.39555615281256
DFIRE,51,C3',1388.341,-128.322,pdb7d7w,A,-129.2816162109375,0.9596208333969116,0.0,26.5811145256951,1.171875,0.20756724036616708,0.21451252353247688,0.19826289642953604,37.893954532251946
rsRNASP,51,C3',306.891,-14.9561,pdb7d7w,A,-22.262540817260746,7.307924270629883,0.0,82.98652854536407,0.0,0.172863848435719,0.05075253860273228,0.33995005182504245,114.99252068569233
cgRNASP,51,C3',1418.924,-1001.7162,pdb7d7w,A,-1058.10498046875,46.682315826416016,11.666494369506836,18.26654655005101,5.537683823529412,0.21106819967857726,0.38671592457076026,0.04141576832812911,24.683447621673288
RASP,51,C4',308.087,34.9383,pdb7d7w,A,34.417423248291016,0.5209144353866577,0.0,89.33419249909053,0.0,0.15500329210531905,0.04724353589140438,0.12285902336679023,124.92248030932369
DFIRE,51,C4',391.26,-81.6973,pdb7d7w,A,-83.03123474121094,1.3338518142700195,0.0,66.17193476065356,0.0,0.19950335228358834,0.057363936158353133,0.14569287935358963,93.53818671818088
rsRNASP,51,C4',281.315,-19.0366,pdb7d7w,A,-23.109115600585938,4.072561264038086,0.0,86.74233644473617,0.0,0.15813433205661004,0.04608260640941902,0.20604084592303354,123.21396601849258
cgRNASP,51,C4',2085.184,-1065.3768,pdb7d7w,A,-1088.953369140625,19.725135803222656,4.607643127441406,21.42553811618479,1.0569852941176472,0.1912217604621691,0.2875839661620519,0.05607721540920443,29.88703961940953
RASP,51,C1',287.061,19.2673,pdb7d7w,A,17.712940216064453,1.5543369054794312,0.0,NA,NA,NA,NA,NA,NA
DFIRE,51,C1',292.641,-54.5071,pdb7d7w,A,-60.37369537353516,5.866648197174072,0.0,65.72006953668556,0.0,0.22127726606582793,0.06302175497461332,0.46725671848604855,91.98709862699118
rsRNASP,51,C1',300.066,-35.4489,pdb7d7w,A,-37.525611877441406,2.0766117572784424,0.0,81.99263399348597,0.0,0.1817401431534829,0.052208369138518895,0.20707884164064558,114.46939288563897
cgRNASP,51,C1',2029.202,-1088.1036,pdb7d7w,A,-1125.5863037109375,15.82236671447754,21.57259750366211,16.960775025539455,5.537683823529411,0.2261410861823614,0.4120486329830457,0.11013346473215285,22.83416433798314
RASP,45,C3',1276.803,-20.4956,pdb7elq,A,-23.1472225189209,2.6529037952423096,0.0,45.422267458030674,0.0,0.19518357079348558,0.1027621080823935,0.236227795630767,62.10133172860967
DFIRE,45,C3',953.469,-113.8174,pdb7elq,A,-114.72669219970705,0.9093128442764282,0.0,26.205672409580647,0.0,0.2019929304100796,0.20053347412520087,0.1781741612749496,37.3062738104574
rsRNASP,45,C3',275.009,-12.4418,pdb7elq,A,-16.535049438476562,4.093342781066895,0.0,74.49991162940097,0.0,0.15759113482098325,0.05314935324779311,0.23904572186687872,94.19575900622603
cgRNASP,45,C3',1982.08,-885.3766,pdb7elq,A,-915.89501953125,38.71231460571289,16.43358039855957,21.230950333404365,1.4004149377593362,0.19497032651674512,0.27648481619713505,0.0,30.492279931899834
RASP,45,C4',285.505,30.7507,pdb7elq,A,30.294960021972656,0.4557788074016571,0.0,80.60648190744632,0.0,0.1385636010091153,0.04928166618168566,0.1336306209562122,96.66724456445456
DFIRE,45,C4',1857.887,-91.2856,pdb7elq,A,-92.41064453125,1.1250545978546145,0.0,37.89498973527177,0.4927385892116182,0.18965186968244674,0.14673366820745418,0.1853123291652753,53.021092696394575
rsRNASP,45,C4',269.348,-16.9281,pdb7elq,A,-22.19404602050781,5.266054153442383,0.0,78.8319595628937,0.0,0.1465042395853664,0.049645126802648834,0.2525381361380527,95.55270193545176
cgRNASP,45,C4',1912.367,-931.6203,pdb7elq,A,-949.70263671875,15.954042434692385,4.915117740631104,18.055901743212967,1.1410788381742738,0.20192425852434961,0.31709532961381826,0.07412493166611012,25.25686702871718
RASP,45,C1',268.337,16.9723,pdb7elq,A,15.610601425170898,1.3616552352905271,0.0,78.55285559124485,0.0,0.1525347154453914,0.049853823825650775,0.1543033499620919,95.22041157274646
DFIRE,45,C1',288.695,-50.4371,pdb7elq,A,-56.04954528808594,5.612380027770996,0.0,59.44675384983871,0.0,0.20364105566759916,0.06531913763056794,0.42919753763947605,71.42136211819921
rsRNASP,45,C1',283.615,-26.4561,pdb7elq,A,-28.683387756347656,2.227506160736084,0.0,73.61383226916242,0.0,0.17192187307989792,0.05463589795508664,0.40768712416360564,87.88898540712027
cgRNASP,45,C1',1568.716,-1030.4951,pdb7elq,A,-1055.49462890625,10.289217948913574,18.7728214263916,21.17247236401499,2.7230290456431536,0.19428360765944527,0.29567877031666184,0.1417366773784602,28.678763273155745
RASP,89,C3',2100.451,-60.5528,pdb7kga,A,-65.58394622802734,5.031519412994385,0.0,73.51171278940677,1.1459430979978926,0.19522721964629625,0.1670760818754416,0.2195285199793807,96.89630773010079
DFIRE,89,C3',2203.369,-195.2786,pdb7kga,A,-196.9861602783203,1.7075786590576172,0.0,60.618007428937375,1.2776606954689147,0.19631746809659276,0.17238838761662725,0.245440346836908,82.68570526214832
rsRNASP,89,C3',411.731,-23.2779,pdb7kga,A,-36.5908317565918,13.312728881835938,0.0,143.91673163754652,0.03951527924130664,0.16354492512797736,0.07164150645859492,0.1472642081021448,197.09957647264778
cgRNASP,89,C3',2313.146,-1670.5736,pdb7kga,A,-1826.2159423828125,109.803466796875,97.06077575683594,22.23995984028478,0.5400421496311907,0.1887230596640618,0.3408895455131945,0.031686212526223896,30.877396614137343
RASP,89,C4',392.505,61.4598,pdb7kga,A,60.52642822265625,0.9333905577659608,0.0,155.98636595189092,0.13171759747102213,0.14371944145585977,0.06686384728952927,0.1472642081021448,214.08932649578477
DFIRE,89,C4',852.14,-143.5449,pdb7kga,A,-145.75245666503906,2.2075014114379883,0.0,108.0365907327137,0.25026343519494204,0.1987104629392103,0.09631296843054603,0.2404814448168607,148.4704283783137
rsRNASP,89,C4',392.714,-28.59,pdb7kga,A,-35.07378387451172,6.483835697174072,0.0,151.86407573219094,0.11854583772391993,0.15187285348362617,0.06922790708692768,0.1829404333161506,208.1758654652738
cgRNASP,89,C4',875.305,-1101.3917,pdb7kga,A,-1266.366943359375,70.4222412109375,119.53681182861328,25.299742331955535,0.7507903055848262,0.18074577205671205,0.3098915331856846,0.07761505257063328,35.34032587200506
RASP,89,C1',415.453,33.8024,pdb7kga,A,31.027751922607425,2.774632692337036,0.0,151.78884555974372,0.07903055848261328,0.16360427140007427,0.0687106164530179,0.2195285199793807,208.40488390078707
DFIRE,89,C1',388.247,-93.0939,pdb7kga,A,-104.43049621582033,11.336021423339844,0.0,118.02307479421584,0.10537407797681769,0.210230340111571,0.08649014887947579,0.29105644713987483,162.2373864345996
rsRNASP,89,C1',431.623,-53.5178,pdb7kga,A,-58.59114456176758,5.074478149414063,0.0,142.13926376877305,0.052687038988408846,0.17559508995746212,0.0721594726099773,0.31946092083900124,194.4503688094393
cgRNASP,89,C1',2021.098,-1654.3036,pdb7kga,A,-1800.2955322265625,27.814990997314453,139.52261352539062,23.210001021351793,0.8429926238145415,0.22949107700083085,0.3484337131517872,0.057651013738933624,31.253062809522184
RASP,210,C3',4660.04,-104.7673,pdb8sa3,A,-117.39840698242188,12.631784439086914,0.0,206.99640954115407,0.0,0.16957919566473195,0.045896508030057175,0.1723336891653338,286.604401428036
DFIRE,210,C3',4446.498,-383.2945,pdb8sa3,A,-387.8092956542969,4.514932155609131,0.0,211.27179690107008,0.0,0.17576884988859243,0.044695749008664576,0.2547396095909509,297.7419651926306
rsRNASP,210,C3',979.704,-50.739,pdb8sa3,A,-81.83299255371094,31.28657913208008,0.0,331.10974265687196,0.0,0.1440785492256485,0.03663920484938194,0.19138611196473598,451.25623254811757
cgRNASP,210,C3',3445.967,2669.8228,pdb8sa3,A,670.08251953125,612.3939208984375,1845.751220703125,37.49535401674979,0.5804953560371517,0.18576630539432787,0.3056663720740461,0.062441569000266595,49.19443379493464
RASP,210,C4',1748.873,145.9099,pdb8sa3,A,143.6636199951172,2.246293067932129,0.0,358.0806162559634,0.022114108801415303,0.1387437075344538,0.036372939992877565,0.24920659907811654,489.53798352275857
DFIRE,210,C4',1495.443,-334.617,pdb8sa3,A,-340.4688415527344,5.8323259353637695,0.0196602344512939,271.82508058385747,0.0,0.16931718152559624,0.03923245669881665,0.3048806322011344,375.2762115926702
rsRNASP,210,C4',937.05,-87.915,pdb8sa3,A,-109.04708862304688,21.129728317260746,0.0,347.5103332543473,0.0,0.13405702417957252,0.0344787550224725,0.251736680177962,474.5168954541417
cgRNASP,210,C4',3714.619,-636.8393,pdb8sa3,A,-1409.87939453125,195.2605743408203,952.2381591796876,38.4053172815448,0.7242370632463512,0.13534508843836823,0.3112782680384549,0.02821039405979838,50.369077780708416
RASP,210,C1',865.5,80.2002,pdb8sa3,A,73.51211547851562,6.687592029571533,0.0,339.6803431432737,0.19349845201238391,0.14825530217588645,0.04281169097004367,0.2454748334692476,462.87527394282495
DFIRE,210,C1',874.632,-228.6911,pdb8sa3,A,-254.35671997070312,25.663719177246094,0.0,287.06163443290035,0.0,0.17921904657112206,0.03899515427895255,0.27363423515261714,392.48725835294806
rsRNASP,210,C1',876.41,-117.0678,pdb8sa3,A,-127.31373596191406,10.280978202819824,0.0,326.70116716302044,0.0,0.15111682667180149,0.035629972707463396,0.2311220809516923,446.5417673683502
cgRNASP,210,C1',2573.286,5451.2637,pdb8sa3,A,1104.2154541015625,118.44602966308594,4444.0546875,39.82461527515685,0.6910659000442283,0.14667702803069899,0.2990768787365726,0.03915581657045231,51.78694412694116
